onset	duration	trial_type	value	sample
0.005	0	eyes_closed	65	1
82.745	0	discontinuity	2	16549
119.615	0	discontinuity	2	23923
119.615	0	discontinuity	2	23923
249.025	0	eyes_open	66	49805
264.705	0	eyes_closed	65	52941
283.04	0	eyes_open	66	56608
299.895	0	eyes_closed	65	59979
318.815	0	eyes_open	66	63763
350.895	0	eyes_closed	65	70179
362.34	0	eyes_open	66	72468
373.38	0	eyes_closed	65	74676
383.115	0	hyperventilation_1	67	76623
437.5	0	hyperventilation_2	68	87500
492.705	0	hyperventilation_3	69	98541
600.17	0	hiperventilacion 4	74	120034
676.64	0	recovery	70	135328
773.66	0	photic_stimulation	71	154732
775.78	0	photic_stimulation	5	155156
776.78	0	photic_stimulation	5	155356
777.78	0	photic_stimulation	5	155556
778.78	0	photic_stimulation	5	155756
779.78	0	photic_stimulation	5	155956
780.78	0	photic_stimulation	5	156156
781.78	0	photic_stimulation	5	156356
782.78	0	photic_stimulation	5	156556
783.78	0	photic_stimulation	5	156756
784.78	0	photic_stimulation	5	156956
790.115	0	photic_stimulation	5	158023
790.445	0	photic_stimulation	5	158089
790.78	0	photic_stimulation	5	158156
791.115	0	photic_stimulation	5	158223
791.445	0	photic_stimulation	5	158289
791.78	0	photic_stimulation	5	158356
792.115	0	photic_stimulation	5	158423
792.445	0	photic_stimulation	5	158489
792.78	0	photic_stimulation	5	158556
793.115	0	photic_stimulation	5	158623
793.445	0	photic_stimulation	5	158689
793.78	0	photic_stimulation	5	158756
794.115	0	photic_stimulation	5	158823
794.445	0	photic_stimulation	5	158889
794.78	0	photic_stimulation	5	158956
795.115	0	photic_stimulation	5	159023
795.445	0	photic_stimulation	5	159089
795.78	0	photic_stimulation	5	159156
796.115	0	photic_stimulation	5	159223
796.445	0	photic_stimulation	5	159289
796.78	0	photic_stimulation	5	159356
797.115	0	photic_stimulation	5	159423
797.445	0	photic_stimulation	5	159489
797.78	0	photic_stimulation	5	159556
798.115	0	photic_stimulation	5	159623
798.445	0	photic_stimulation	5	159689
798.78	0	photic_stimulation	5	159756
799.115	0	photic_stimulation	5	159823
799.445	0	photic_stimulation	5	159889
799.78	0	photic_stimulation	5	159956
804.98	0	photic_stimulation	5	160996
805.18	0	photic_stimulation	5	161036
805.38	0	photic_stimulation	5	161076
805.58	0	photic_stimulation	5	161116
805.78	0	photic_stimulation	5	161156
805.98	0	photic_stimulation	5	161196
806.18	0	photic_stimulation	5	161236
806.38	0	photic_stimulation	5	161276
806.58	0	photic_stimulation	5	161316
806.78	0	photic_stimulation	5	161356
806.98	0	photic_stimulation	5	161396
807.18	0	photic_stimulation	5	161436
807.38	0	photic_stimulation	5	161476
807.58	0	photic_stimulation	5	161516
807.78	0	photic_stimulation	5	161556
807.98	0	photic_stimulation	5	161596
808.18	0	photic_stimulation	5	161636
808.38	0	photic_stimulation	5	161676
808.58	0	photic_stimulation	5	161716
808.78	0	photic_stimulation	5	161756
808.98	0	photic_stimulation	5	161796
809.18	0	photic_stimulation	5	161836
809.38	0	photic_stimulation	5	161876
809.58	0	photic_stimulation	5	161916
809.78	0	photic_stimulation	5	161956
809.98	0	photic_stimulation	5	161996
810.18	0	photic_stimulation	5	162036
810.38	0	photic_stimulation	5	162076
810.58	0	photic_stimulation	5	162116
810.78	0	photic_stimulation	5	162156
810.98	0	photic_stimulation	5	162196
811.18	0	photic_stimulation	5	162236
811.38	0	photic_stimulation	5	162276
811.58	0	photic_stimulation	5	162316
811.78	0	photic_stimulation	5	162356
811.98	0	photic_stimulation	5	162396
812.18	0	photic_stimulation	5	162436
812.38	0	photic_stimulation	5	162476
812.58	0	photic_stimulation	5	162516
812.78	0	photic_stimulation	5	162556
812.98	0	photic_stimulation	5	162596
813.18	0	photic_stimulation	5	162636
813.38	0	photic_stimulation	5	162676
813.58	0	photic_stimulation	5	162716
813.78	0	photic_stimulation	5	162756
813.98	0	photic_stimulation	5	162796
814.18	0	photic_stimulation	5	162836
814.38	0	photic_stimulation	5	162876
814.58	0	photic_stimulation	5	162916
814.78	0	photic_stimulation	5	162956
819.925	0	photic_stimulation	5	163985
820.065	0	photic_stimulation	5	164013
820.21	0	photic_stimulation	5	164042
820.35	0	photic_stimulation	5	164070
820.495	0	photic_stimulation	5	164099
820.635	0	photic_stimulation	5	164127
820.78	0	photic_stimulation	5	164156
820.925	0	photic_stimulation	5	164185
821.065	0	photic_stimulation	5	164213
821.21	0	photic_stimulation	5	164242
821.35	0	photic_stimulation	5	164270
821.495	0	photic_stimulation	5	164299
821.635	0	photic_stimulation	5	164327
821.78	0	photic_stimulation	5	164356
821.92	0	photic_stimulation	5	164384
822.065	0	photic_stimulation	5	164413
822.21	0	photic_stimulation	5	164442
822.35	0	photic_stimulation	5	164470
822.495	0	photic_stimulation	5	164499
822.635	0	photic_stimulation	5	164527
822.78	0	photic_stimulation	5	164556
822.92	0	photic_stimulation	5	164584
823.065	0	photic_stimulation	5	164613
823.205	0	photic_stimulation	5	164641
823.35	0	photic_stimulation	5	164670
823.495	0	photic_stimulation	5	164699
823.635	0	photic_stimulation	5	164727
823.78	0	photic_stimulation	5	164756
823.92	0	photic_stimulation	5	164784
824.065	0	photic_stimulation	5	164813
824.205	0	photic_stimulation	5	164841
824.35	0	photic_stimulation	5	164870
824.49	0	photic_stimulation	5	164898
824.635	0	photic_stimulation	5	164927
824.78	0	photic_stimulation	5	164956
824.92	0	photic_stimulation	5	164984
825.065	0	photic_stimulation	5	165013
825.205	0	photic_stimulation	5	165041
825.35	0	photic_stimulation	5	165070
825.49	0	photic_stimulation	5	165098
825.635	0	photic_stimulation	5	165127
825.775	0	photic_stimulation	5	165155
825.92	0	photic_stimulation	5	165184
826.065	0	photic_stimulation	5	165213
826.205	0	photic_stimulation	5	165241
826.35	0	photic_stimulation	5	165270
826.49	0	photic_stimulation	5	165298
826.635	0	photic_stimulation	5	165327
826.775	0	photic_stimulation	5	165355
826.92	0	photic_stimulation	5	165384
827.06	0	photic_stimulation	5	165412
827.205	0	photic_stimulation	5	165441
827.35	0	photic_stimulation	5	165470
827.49	0	photic_stimulation	5	165498
827.635	0	photic_stimulation	5	165527
827.775	0	photic_stimulation	5	165555
827.92	0	photic_stimulation	5	165584
828.06	0	photic_stimulation	5	165612
828.205	0	photic_stimulation	5	165641
828.345	0	photic_stimulation	5	165669
828.49	0	photic_stimulation	5	165698
828.635	0	photic_stimulation	5	165727
828.775	0	photic_stimulation	5	165755
828.92	0	photic_stimulation	5	165784
829.06	0	photic_stimulation	5	165812
829.205	0	photic_stimulation	5	165841
829.345	0	photic_stimulation	5	165869
829.49	0	photic_stimulation	5	165898
829.63	0	photic_stimulation	5	165926
829.775	0	photic_stimulation	5	165955
829.78	0	photic_stimulation	5	165956
834.905	0	photic_stimulation	5	166981
835.03	0	photic_stimulation	5	167006
835.155	0	photic_stimulation	5	167031
835.28	0	photic_stimulation	5	167056
835.405	0	photic_stimulation	5	167081
835.53	0	photic_stimulation	5	167106
835.655	0	photic_stimulation	5	167131
835.78	0	photic_stimulation	5	167156
835.905	0	photic_stimulation	5	167181
836.03	0	photic_stimulation	5	167206
836.155	0	photic_stimulation	5	167231
836.28	0	photic_stimulation	5	167256
836.405	0	photic_stimulation	5	167281
836.53	0	photic_stimulation	5	167306
836.655	0	photic_stimulation	5	167331
836.78	0	photic_stimulation	5	167356
836.905	0	photic_stimulation	5	167381
837.03	0	photic_stimulation	5	167406
837.155	0	photic_stimulation	5	167431
837.28	0	photic_stimulation	5	167456
837.405	0	photic_stimulation	5	167481
837.53	0	photic_stimulation	5	167506
837.655	0	photic_stimulation	5	167531
837.78	0	photic_stimulation	5	167556
837.905	0	photic_stimulation	5	167581
838.03	0	photic_stimulation	5	167606
838.155	0	photic_stimulation	5	167631
838.28	0	photic_stimulation	5	167656
838.405	0	photic_stimulation	5	167681
838.53	0	photic_stimulation	5	167706
838.655	0	photic_stimulation	5	167731
838.78	0	photic_stimulation	5	167756
838.905	0	photic_stimulation	5	167781
839.03	0	photic_stimulation	5	167806
839.155	0	photic_stimulation	5	167831
839.28	0	photic_stimulation	5	167856
839.405	0	photic_stimulation	5	167881
839.53	0	photic_stimulation	5	167906
839.655	0	photic_stimulation	5	167931
839.78	0	photic_stimulation	5	167956
839.905	0	photic_stimulation	5	167981
840.03	0	photic_stimulation	5	168006
840.155	0	photic_stimulation	5	168031
840.28	0	photic_stimulation	5	168056
840.405	0	photic_stimulation	5	168081
840.53	0	photic_stimulation	5	168106
840.655	0	photic_stimulation	5	168131
840.78	0	photic_stimulation	5	168156
840.905	0	photic_stimulation	5	168181
841.03	0	photic_stimulation	5	168206
841.155	0	photic_stimulation	5	168231
841.28	0	photic_stimulation	5	168256
841.405	0	photic_stimulation	5	168281
841.53	0	photic_stimulation	5	168306
841.655	0	photic_stimulation	5	168331
841.78	0	photic_stimulation	5	168356
841.905	0	photic_stimulation	5	168381
842.03	0	photic_stimulation	5	168406
842.155	0	photic_stimulation	5	168431
842.28	0	photic_stimulation	5	168456
842.405	0	photic_stimulation	5	168481
842.53	0	photic_stimulation	5	168506
842.655	0	photic_stimulation	5	168531
842.78	0	photic_stimulation	5	168556
842.905	0	photic_stimulation	5	168581
843.03	0	photic_stimulation	5	168606
843.155	0	photic_stimulation	5	168631
843.28	0	photic_stimulation	5	168656
843.405	0	photic_stimulation	5	168681
843.53	0	photic_stimulation	5	168706
843.655	0	photic_stimulation	5	168731
843.78	0	photic_stimulation	5	168756
843.905	0	photic_stimulation	5	168781
844.03	0	photic_stimulation	5	168806
844.155	0	photic_stimulation	5	168831
844.28	0	photic_stimulation	5	168856
844.405	0	photic_stimulation	5	168881
844.53	0	photic_stimulation	5	168906
844.655	0	photic_stimulation	5	168931
844.78	0	photic_stimulation	5	168956
849.89	0	photic_stimulation	5	169978
850.005	0	photic_stimulation	5	170001
850.115	0	photic_stimulation	5	170023
850.225	0	photic_stimulation	5	170045
850.335	0	photic_stimulation	5	170067
850.445	0	photic_stimulation	5	170089
850.56	0	photic_stimulation	5	170112
850.67	0	photic_stimulation	5	170134
850.78	0	photic_stimulation	5	170156
850.89	0	photic_stimulation	5	170178
851.005	0	photic_stimulation	5	170201
851.115	0	photic_stimulation	5	170223
851.225	0	photic_stimulation	5	170245
851.335	0	photic_stimulation	5	170267
851.445	0	photic_stimulation	5	170289
851.56	0	photic_stimulation	5	170312
851.67	0	photic_stimulation	5	170334
851.78	0	photic_stimulation	5	170356
851.89	0	photic_stimulation	5	170378
852.005	0	photic_stimulation	5	170401
852.115	0	photic_stimulation	5	170423
852.225	0	photic_stimulation	5	170445
852.335	0	photic_stimulation	5	170467
852.445	0	photic_stimulation	5	170489
852.56	0	photic_stimulation	5	170512
852.67	0	photic_stimulation	5	170534
852.78	0	photic_stimulation	5	170556
852.89	0	photic_stimulation	5	170578
853.005	0	photic_stimulation	5	170601
853.115	0	photic_stimulation	5	170623
853.225	0	photic_stimulation	5	170645
853.335	0	photic_stimulation	5	170667
853.445	0	photic_stimulation	5	170689
853.56	0	photic_stimulation	5	170712
853.67	0	photic_stimulation	5	170734
853.78	0	photic_stimulation	5	170756
853.89	0	photic_stimulation	5	170778
854.005	0	photic_stimulation	5	170801
854.115	0	photic_stimulation	5	170823
854.225	0	photic_stimulation	5	170845
854.335	0	photic_stimulation	5	170867
854.445	0	photic_stimulation	5	170889
854.56	0	photic_stimulation	5	170912
854.67	0	photic_stimulation	5	170934
854.78	0	photic_stimulation	5	170956
854.89	0	photic_stimulation	5	170978
855.005	0	photic_stimulation	5	171001
855.115	0	photic_stimulation	5	171023
855.225	0	photic_stimulation	5	171045
855.335	0	photic_stimulation	5	171067
855.445	0	photic_stimulation	5	171089
855.56	0	photic_stimulation	5	171112
855.67	0	photic_stimulation	5	171134
855.78	0	photic_stimulation	5	171156
855.89	0	photic_stimulation	5	171178
856.005	0	photic_stimulation	5	171201
856.115	0	photic_stimulation	5	171223
856.225	0	photic_stimulation	5	171245
856.335	0	photic_stimulation	5	171267
856.445	0	photic_stimulation	5	171289
856.56	0	photic_stimulation	5	171312
856.67	0	photic_stimulation	5	171334
856.78	0	photic_stimulation	5	171356
856.89	0	photic_stimulation	5	171378
857.005	0	photic_stimulation	5	171401
857.115	0	photic_stimulation	5	171423
857.225	0	photic_stimulation	5	171445
857.335	0	photic_stimulation	5	171467
857.445	0	photic_stimulation	5	171489
857.56	0	photic_stimulation	5	171512
857.67	0	photic_stimulation	5	171534
857.78	0	photic_stimulation	5	171556
857.89	0	photic_stimulation	5	171578
858.005	0	photic_stimulation	5	171601
858.115	0	photic_stimulation	5	171623
858.225	0	photic_stimulation	5	171645
858.335	0	photic_stimulation	5	171667
858.445	0	photic_stimulation	5	171689
858.56	0	photic_stimulation	5	171712
858.67	0	photic_stimulation	5	171734
858.78	0	photic_stimulation	5	171756
858.89	0	photic_stimulation	5	171778
859.005	0	photic_stimulation	5	171801
859.115	0	photic_stimulation	5	171823
859.225	0	photic_stimulation	5	171845
859.335	0	photic_stimulation	5	171867
859.445	0	photic_stimulation	5	171889
859.56	0	photic_stimulation	5	171912
859.67	0	photic_stimulation	5	171934
859.78	0	photic_stimulation	5	171956
864.88	0	photic_stimulation	5	172976
864.98	0	photic_stimulation	5	172996
865.08	0	photic_stimulation	5	173016
865.18	0	photic_stimulation	5	173036
865.28	0	photic_stimulation	5	173056
865.38	0	photic_stimulation	5	173076
865.48	0	photic_stimulation	5	173096
865.58	0	photic_stimulation	5	173116
865.68	0	photic_stimulation	5	173136
865.78	0	photic_stimulation	5	173156
865.88	0	photic_stimulation	5	173176
865.98	0	photic_stimulation	5	173196
866.08	0	photic_stimulation	5	173216
866.18	0	photic_stimulation	5	173236
866.28	0	photic_stimulation	5	173256
866.38	0	photic_stimulation	5	173276
866.48	0	photic_stimulation	5	173296
866.58	0	photic_stimulation	5	173316
866.68	0	photic_stimulation	5	173336
866.78	0	photic_stimulation	5	173356
866.88	0	photic_stimulation	5	173376
866.98	0	photic_stimulation	5	173396
867.08	0	photic_stimulation	5	173416
867.18	0	photic_stimulation	5	173436
867.28	0	photic_stimulation	5	173456
867.38	0	photic_stimulation	5	173476
867.48	0	photic_stimulation	5	173496
867.58	0	photic_stimulation	5	173516
867.68	0	photic_stimulation	5	173536
867.78	0	photic_stimulation	5	173556
867.88	0	photic_stimulation	5	173576
867.98	0	photic_stimulation	5	173596
868.08	0	photic_stimulation	5	173616
868.18	0	photic_stimulation	5	173636
868.28	0	photic_stimulation	5	173656
868.38	0	photic_stimulation	5	173676
868.48	0	photic_stimulation	5	173696
868.58	0	photic_stimulation	5	173716
868.68	0	photic_stimulation	5	173736
868.78	0	photic_stimulation	5	173756
868.88	0	photic_stimulation	5	173776
868.98	0	photic_stimulation	5	173796
869.08	0	photic_stimulation	5	173816
869.18	0	photic_stimulation	5	173836
869.28	0	photic_stimulation	5	173856
869.38	0	photic_stimulation	5	173876
869.48	0	photic_stimulation	5	173896
869.58	0	photic_stimulation	5	173916
869.68	0	photic_stimulation	5	173936
869.78	0	photic_stimulation	5	173956
869.88	0	photic_stimulation	5	173976
869.98	0	photic_stimulation	5	173996
870.08	0	photic_stimulation	5	174016
870.18	0	photic_stimulation	5	174036
870.28	0	photic_stimulation	5	174056
870.38	0	photic_stimulation	5	174076
870.48	0	photic_stimulation	5	174096
870.58	0	photic_stimulation	5	174116
870.68	0	photic_stimulation	5	174136
870.78	0	photic_stimulation	5	174156
870.88	0	photic_stimulation	5	174176
870.98	0	photic_stimulation	5	174196
871.08	0	photic_stimulation	5	174216
871.18	0	photic_stimulation	5	174236
871.28	0	photic_stimulation	5	174256
871.38	0	photic_stimulation	5	174276
871.48	0	photic_stimulation	5	174296
871.58	0	photic_stimulation	5	174316
871.68	0	photic_stimulation	5	174336
871.78	0	photic_stimulation	5	174356
871.88	0	photic_stimulation	5	174376
871.98	0	photic_stimulation	5	174396
872.08	0	photic_stimulation	5	174416
872.18	0	photic_stimulation	5	174436
872.28	0	photic_stimulation	5	174456
872.38	0	photic_stimulation	5	174476
872.48	0	photic_stimulation	5	174496
872.58	0	photic_stimulation	5	174516
872.68	0	photic_stimulation	5	174536
872.78	0	photic_stimulation	5	174556
872.88	0	photic_stimulation	5	174576
872.98	0	photic_stimulation	5	174596
873.08	0	photic_stimulation	5	174616
873.18	0	photic_stimulation	5	174636
873.28	0	photic_stimulation	5	174656
873.38	0	photic_stimulation	5	174676
873.48	0	photic_stimulation	5	174696
873.58	0	photic_stimulation	5	174716
873.68	0	photic_stimulation	5	174736
873.78	0	photic_stimulation	5	174756
873.88	0	photic_stimulation	5	174776
873.98	0	photic_stimulation	5	174796
874.08	0	photic_stimulation	5	174816
874.18	0	photic_stimulation	5	174836
874.28	0	photic_stimulation	5	174856
874.38	0	photic_stimulation	5	174876
874.48	0	photic_stimulation	5	174896
874.58	0	photic_stimulation	5	174916
874.68	0	photic_stimulation	5	174936
874.78	0	photic_stimulation	5	174956
879.87	0	photic_stimulation	5	175974
879.96	0	photic_stimulation	5	175992
880.055	0	photic_stimulation	5	176011
880.145	0	photic_stimulation	5	176029
880.235	0	photic_stimulation	5	176047
880.325	0	photic_stimulation	5	176065
880.415	0	photic_stimulation	5	176083
880.505	0	photic_stimulation	5	176101
880.6	0	photic_stimulation	5	176120
880.69	0	photic_stimulation	5	176138
880.78	0	photic_stimulation	5	176156
880.87	0	photic_stimulation	5	176174
880.96	0	photic_stimulation	5	176192
881.05	0	photic_stimulation	5	176210
881.145	0	photic_stimulation	5	176229
881.235	0	photic_stimulation	5	176247
881.325	0	photic_stimulation	5	176265
881.415	0	photic_stimulation	5	176283
881.505	0	photic_stimulation	5	176301
881.595	0	photic_stimulation	5	176319
881.69	0	photic_stimulation	5	176338
881.78	0	photic_stimulation	5	176356
881.87	0	photic_stimulation	5	176374
881.96	0	photic_stimulation	5	176392
882.05	0	photic_stimulation	5	176410
882.14	0	photic_stimulation	5	176428
882.235	0	photic_stimulation	5	176447
882.325	0	photic_stimulation	5	176465
882.415	0	photic_stimulation	5	176483
882.505	0	photic_stimulation	5	176501
882.595	0	photic_stimulation	5	176519
882.685	0	photic_stimulation	5	176537
882.78	0	photic_stimulation	5	176556
882.87	0	photic_stimulation	5	176574
882.96	0	photic_stimulation	5	176592
883.05	0	photic_stimulation	5	176610
883.14	0	photic_stimulation	5	176628
883.23	0	photic_stimulation	5	176646
883.325	0	photic_stimulation	5	176665
883.415	0	photic_stimulation	5	176683
883.505	0	photic_stimulation	5	176701
883.595	0	photic_stimulation	5	176719
883.685	0	photic_stimulation	5	176737
883.775	0	photic_stimulation	5	176755
883.87	0	photic_stimulation	5	176774
883.96	0	photic_stimulation	5	176792
884.05	0	photic_stimulation	5	176810
884.14	0	photic_stimulation	5	176828
884.23	0	photic_stimulation	5	176846
884.32	0	photic_stimulation	5	176864
884.415	0	photic_stimulation	5	176883
884.505	0	photic_stimulation	5	176901
884.595	0	photic_stimulation	5	176919
884.685	0	photic_stimulation	5	176937
884.775	0	photic_stimulation	5	176955
884.865	0	photic_stimulation	5	176973
884.96	0	photic_stimulation	5	176992
885.05	0	photic_stimulation	5	177010
885.14	0	photic_stimulation	5	177028
885.23	0	photic_stimulation	5	177046
885.32	0	photic_stimulation	5	177064
885.41	0	photic_stimulation	5	177082
885.505	0	photic_stimulation	5	177101
885.595	0	photic_stimulation	5	177119
885.685	0	photic_stimulation	5	177137
885.775	0	photic_stimulation	5	177155
885.865	0	photic_stimulation	5	177173
885.955	0	photic_stimulation	5	177191
886.05	0	photic_stimulation	5	177210
886.14	0	photic_stimulation	5	177228
886.23	0	photic_stimulation	5	177246
886.32	0	photic_stimulation	5	177264
886.41	0	photic_stimulation	5	177282
886.5	0	photic_stimulation	5	177300
886.595	0	photic_stimulation	5	177319
886.685	0	photic_stimulation	5	177337
886.775	0	photic_stimulation	5	177355
886.865	0	photic_stimulation	5	177373
886.955	0	photic_stimulation	5	177391
887.045	0	photic_stimulation	5	177409
887.14	0	photic_stimulation	5	177428
887.23	0	photic_stimulation	5	177446
887.32	0	photic_stimulation	5	177464
887.41	0	photic_stimulation	5	177482
887.5	0	photic_stimulation	5	177500
887.59	0	photic_stimulation	5	177518
887.685	0	photic_stimulation	5	177537
887.775	0	photic_stimulation	5	177555
887.865	0	photic_stimulation	5	177573
887.955	0	photic_stimulation	5	177591
888.045	0	photic_stimulation	5	177609
888.135	0	photic_stimulation	5	177627
888.23	0	photic_stimulation	5	177646
888.32	0	photic_stimulation	5	177664
888.41	0	photic_stimulation	5	177682
888.5	0	photic_stimulation	5	177700
888.59	0	photic_stimulation	5	177718
888.68	0	photic_stimulation	5	177736
888.775	0	photic_stimulation	5	177755
888.865	0	photic_stimulation	5	177773
888.955	0	photic_stimulation	5	177791
889.045	0	photic_stimulation	5	177809
889.135	0	photic_stimulation	5	177827
889.225	0	photic_stimulation	5	177845
889.32	0	photic_stimulation	5	177864
889.41	0	photic_stimulation	5	177882
889.5	0	photic_stimulation	5	177900
889.59	0	photic_stimulation	5	177918
889.68	0	photic_stimulation	5	177936
889.77	0	photic_stimulation	5	177954
889.78	0	photic_stimulation	5	177956
894.865	0	photic_stimulation	5	178973
894.945	0	photic_stimulation	5	178989
895.03	0	photic_stimulation	5	179006
895.115	0	photic_stimulation	5	179023
895.195	0	photic_stimulation	5	179039
895.28	0	photic_stimulation	5	179056
895.365	0	photic_stimulation	5	179073
895.445	0	photic_stimulation	5	179089
895.53	0	photic_stimulation	5	179106
895.615	0	photic_stimulation	5	179123
895.695	0	photic_stimulation	5	179139
895.78	0	photic_stimulation	5	179156
895.865	0	photic_stimulation	5	179173
895.945	0	photic_stimulation	5	179189
896.03	0	photic_stimulation	5	179206
896.115	0	photic_stimulation	5	179223
896.195	0	photic_stimulation	5	179239
896.28	0	photic_stimulation	5	179256
896.365	0	photic_stimulation	5	179273
896.445	0	photic_stimulation	5	179289
896.53	0	photic_stimulation	5	179306
896.615	0	photic_stimulation	5	179323
896.695	0	photic_stimulation	5	179339
896.78	0	photic_stimulation	5	179356
896.865	0	photic_stimulation	5	179373
896.945	0	photic_stimulation	5	179389
897.03	0	photic_stimulation	5	179406
897.115	0	photic_stimulation	5	179423
897.195	0	photic_stimulation	5	179439
897.28	0	photic_stimulation	5	179456
897.365	0	photic_stimulation	5	179473
897.445	0	photic_stimulation	5	179489
897.53	0	photic_stimulation	5	179506
897.615	0	photic_stimulation	5	179523
897.695	0	photic_stimulation	5	179539
897.78	0	photic_stimulation	5	179556
897.865	0	photic_stimulation	5	179573
897.945	0	photic_stimulation	5	179589
898.03	0	photic_stimulation	5	179606
898.115	0	photic_stimulation	5	179623
898.195	0	photic_stimulation	5	179639
898.28	0	photic_stimulation	5	179656
898.365	0	photic_stimulation	5	179673
898.445	0	photic_stimulation	5	179689
898.53	0	photic_stimulation	5	179706
898.615	0	photic_stimulation	5	179723
898.695	0	photic_stimulation	5	179739
898.78	0	photic_stimulation	5	179756
898.865	0	photic_stimulation	5	179773
898.945	0	photic_stimulation	5	179789
899.03	0	photic_stimulation	5	179806
899.115	0	photic_stimulation	5	179823
899.195	0	photic_stimulation	5	179839
899.28	0	photic_stimulation	5	179856
899.365	0	photic_stimulation	5	179873
899.445	0	photic_stimulation	5	179889
899.53	0	photic_stimulation	5	179906
899.615	0	photic_stimulation	5	179923
899.695	0	photic_stimulation	5	179939
899.78	0	photic_stimulation	5	179956
899.865	0	photic_stimulation	5	179973
899.945	0	photic_stimulation	5	179989
900.03	0	photic_stimulation	5	180006
900.115	0	photic_stimulation	5	180023
900.195	0	photic_stimulation	5	180039
900.28	0	photic_stimulation	5	180056
900.365	0	photic_stimulation	5	180073
900.445	0	photic_stimulation	5	180089
900.53	0	photic_stimulation	5	180106
900.615	0	photic_stimulation	5	180123
900.695	0	photic_stimulation	5	180139
900.78	0	photic_stimulation	5	180156
900.865	0	photic_stimulation	5	180173
900.945	0	photic_stimulation	5	180189
901.03	0	photic_stimulation	5	180206
901.115	0	photic_stimulation	5	180223
901.195	0	photic_stimulation	5	180239
901.28	0	photic_stimulation	5	180256
901.365	0	photic_stimulation	5	180273
901.445	0	photic_stimulation	5	180289
901.53	0	photic_stimulation	5	180306
901.615	0	photic_stimulation	5	180323
901.695	0	photic_stimulation	5	180339
901.78	0	photic_stimulation	5	180356
901.865	0	photic_stimulation	5	180373
901.945	0	photic_stimulation	5	180389
902.03	0	photic_stimulation	5	180406
902.115	0	photic_stimulation	5	180423
902.195	0	photic_stimulation	5	180439
902.28	0	photic_stimulation	5	180456
902.365	0	photic_stimulation	5	180473
902.445	0	photic_stimulation	5	180489
902.53	0	photic_stimulation	5	180506
902.615	0	photic_stimulation	5	180523
902.695	0	photic_stimulation	5	180539
902.78	0	photic_stimulation	5	180556
902.865	0	photic_stimulation	5	180573
902.945	0	photic_stimulation	5	180589
903.03	0	photic_stimulation	5	180606
903.115	0	photic_stimulation	5	180623
903.195	0	photic_stimulation	5	180639
903.28	0	photic_stimulation	5	180656
903.365	0	photic_stimulation	5	180673
903.445	0	photic_stimulation	5	180689
903.53	0	photic_stimulation	5	180706
903.615	0	photic_stimulation	5	180723
903.695	0	photic_stimulation	5	180739
903.78	0	photic_stimulation	5	180756
903.865	0	photic_stimulation	5	180773
903.945	0	photic_stimulation	5	180789
904.03	0	photic_stimulation	5	180806
904.115	0	photic_stimulation	5	180823
904.195	0	photic_stimulation	5	180839
904.28	0	photic_stimulation	5	180856
904.365	0	photic_stimulation	5	180873
904.445	0	photic_stimulation	5	180889
904.53	0	photic_stimulation	5	180906
904.615	0	photic_stimulation	5	180923
904.695	0	photic_stimulation	5	180939
904.78	0	photic_stimulation	5	180956
909.855	0	photic_stimulation	5	181971
909.935	0	photic_stimulation	5	181987
910.01	0	photic_stimulation	5	182002
910.09	0	photic_stimulation	5	182018
910.165	0	photic_stimulation	5	182033
910.24	0	photic_stimulation	5	182048
910.32	0	photic_stimulation	5	182064
910.395	0	photic_stimulation	5	182079
910.475	0	photic_stimulation	5	182095
910.55	0	photic_stimulation	5	182110
910.625	0	photic_stimulation	5	182125
910.705	0	photic_stimulation	5	182141
910.78	0	photic_stimulation	5	182156
910.86	0	photic_stimulation	5	182172
910.935	0	photic_stimulation	5	182187
911.01	0	photic_stimulation	5	182202
911.09	0	photic_stimulation	5	182218
911.165	0	photic_stimulation	5	182233
911.24	0	photic_stimulation	5	182248
911.32	0	photic_stimulation	5	182264
911.395	0	photic_stimulation	5	182279
911.475	0	photic_stimulation	5	182295
911.55	0	photic_stimulation	5	182310
911.625	0	photic_stimulation	5	182325
911.705	0	photic_stimulation	5	182341
911.78	0	photic_stimulation	5	182356
911.86	0	photic_stimulation	5	182372
911.935	0	photic_stimulation	5	182387
912.01	0	photic_stimulation	5	182402
912.09	0	photic_stimulation	5	182418
912.165	0	photic_stimulation	5	182433
912.245	0	photic_stimulation	5	182449
912.32	0	photic_stimulation	5	182464
912.395	0	photic_stimulation	5	182479
912.475	0	photic_stimulation	5	182495
912.55	0	photic_stimulation	5	182510
912.625	0	photic_stimulation	5	182525
912.705	0	photic_stimulation	5	182541
912.78	0	photic_stimulation	5	182556
912.86	0	photic_stimulation	5	182572
912.935	0	photic_stimulation	5	182587
913.01	0	photic_stimulation	5	182602
913.09	0	photic_stimulation	5	182618
913.165	0	photic_stimulation	5	182633
913.245	0	photic_stimulation	5	182649
913.32	0	photic_stimulation	5	182664
913.395	0	photic_stimulation	5	182679
913.475	0	photic_stimulation	5	182695
913.55	0	photic_stimulation	5	182710
913.63	0	photic_stimulation	5	182726
913.705	0	photic_stimulation	5	182741
913.78	0	photic_stimulation	5	182756
913.86	0	photic_stimulation	5	182772
913.935	0	photic_stimulation	5	182787
914.01	0	photic_stimulation	5	182802
914.09	0	photic_stimulation	5	182818
914.165	0	photic_stimulation	5	182833
914.245	0	photic_stimulation	5	182849
914.32	0	photic_stimulation	5	182864
914.395	0	photic_stimulation	5	182879
914.475	0	photic_stimulation	5	182895
914.55	0	photic_stimulation	5	182910
914.63	0	photic_stimulation	5	182926
914.705	0	photic_stimulation	5	182941
914.78	0	photic_stimulation	5	182956
914.86	0	photic_stimulation	5	182972
914.935	0	photic_stimulation	5	182987
915.015	0	photic_stimulation	5	183003
915.09	0	photic_stimulation	5	183018
915.165	0	photic_stimulation	5	183033
915.245	0	photic_stimulation	5	183049
915.32	0	photic_stimulation	5	183064
915.395	0	photic_stimulation	5	183079
915.475	0	photic_stimulation	5	183095
915.55	0	photic_stimulation	5	183110
915.63	0	photic_stimulation	5	183126
915.705	0	photic_stimulation	5	183141
915.78	0	photic_stimulation	5	183156
915.86	0	photic_stimulation	5	183172
915.935	0	photic_stimulation	5	183187
916.015	0	photic_stimulation	5	183203
916.09	0	photic_stimulation	5	183218
916.165	0	photic_stimulation	5	183233
916.245	0	photic_stimulation	5	183249
916.32	0	photic_stimulation	5	183264
916.4	0	photic_stimulation	5	183280
916.475	0	photic_stimulation	5	183295
916.55	0	photic_stimulation	5	183310
916.63	0	photic_stimulation	5	183326
916.705	0	photic_stimulation	5	183341
916.78	0	photic_stimulation	5	183356
916.86	0	photic_stimulation	5	183372
916.935	0	photic_stimulation	5	183387
917.015	0	photic_stimulation	5	183403
917.09	0	photic_stimulation	5	183418
917.165	0	photic_stimulation	5	183433
917.245	0	photic_stimulation	5	183449
917.32	0	photic_stimulation	5	183464
917.4	0	photic_stimulation	5	183480
917.475	0	photic_stimulation	5	183495
917.55	0	photic_stimulation	5	183510
917.63	0	photic_stimulation	5	183526
917.705	0	photic_stimulation	5	183541
917.785	0	photic_stimulation	5	183557
917.86	0	photic_stimulation	5	183572
917.935	0	photic_stimulation	5	183587
918.015	0	photic_stimulation	5	183603
918.09	0	photic_stimulation	5	183618
918.165	0	photic_stimulation	5	183633
918.245	0	photic_stimulation	5	183649
918.32	0	photic_stimulation	5	183664
918.4	0	photic_stimulation	5	183680
918.475	0	photic_stimulation	5	183695
918.55	0	photic_stimulation	5	183710
918.63	0	photic_stimulation	5	183726
918.705	0	photic_stimulation	5	183741
918.785	0	photic_stimulation	5	183757
918.86	0	photic_stimulation	5	183772
918.935	0	photic_stimulation	5	183787
919.015	0	photic_stimulation	5	183803
919.09	0	photic_stimulation	5	183818
919.17	0	photic_stimulation	5	183834
919.245	0	photic_stimulation	5	183849
919.32	0	photic_stimulation	5	183864
919.4	0	photic_stimulation	5	183880
919.475	0	photic_stimulation	5	183895
919.55	0	photic_stimulation	5	183910
919.63	0	photic_stimulation	5	183926
919.705	0	photic_stimulation	5	183941
919.78	0	photic_stimulation	5	183956
924.85	0	photic_stimulation	5	184970
924.925	0	photic_stimulation	5	184985
924.995	0	photic_stimulation	5	184999
925.065	0	photic_stimulation	5	185013
925.135	0	photic_stimulation	5	185027
925.21	0	photic_stimulation	5	185042
925.28	0	photic_stimulation	5	185056
925.35	0	photic_stimulation	5	185070
925.425	0	photic_stimulation	5	185085
925.495	0	photic_stimulation	5	185099
925.565	0	photic_stimulation	5	185113
925.635	0	photic_stimulation	5	185127
925.71	0	photic_stimulation	5	185142
925.78	0	photic_stimulation	5	185156
925.85	0	photic_stimulation	5	185170
925.925	0	photic_stimulation	5	185185
925.995	0	photic_stimulation	5	185199
926.065	0	photic_stimulation	5	185213
926.135	0	photic_stimulation	5	185227
926.21	0	photic_stimulation	5	185242
926.28	0	photic_stimulation	5	185256
926.35	0	photic_stimulation	5	185270
926.42	0	photic_stimulation	5	185284
926.495	0	photic_stimulation	5	185299
926.565	0	photic_stimulation	5	185313
926.635	0	photic_stimulation	5	185327
926.71	0	photic_stimulation	5	185342
926.78	0	photic_stimulation	5	185356
926.85	0	photic_stimulation	5	185370
926.92	0	photic_stimulation	5	185384
926.995	0	photic_stimulation	5	185399
927.065	0	photic_stimulation	5	185413
927.135	0	photic_stimulation	5	185427
927.21	0	photic_stimulation	5	185442
927.28	0	photic_stimulation	5	185456
927.35	0	photic_stimulation	5	185470
927.42	0	photic_stimulation	5	185484
927.495	0	photic_stimulation	5	185499
927.565	0	photic_stimulation	5	185513
927.635	0	photic_stimulation	5	185527
927.705	0	photic_stimulation	5	185541
927.78	0	photic_stimulation	5	185556
927.85	0	photic_stimulation	5	185570
927.92	0	photic_stimulation	5	185584
927.995	0	photic_stimulation	5	185599
928.065	0	photic_stimulation	5	185613
928.135	0	photic_stimulation	5	185627
928.205	0	photic_stimulation	5	185641
928.28	0	photic_stimulation	5	185656
928.35	0	photic_stimulation	5	185670
928.42	0	photic_stimulation	5	185684
928.495	0	photic_stimulation	5	185699
928.565	0	photic_stimulation	5	185713
928.635	0	photic_stimulation	5	185727
928.705	0	photic_stimulation	5	185741
928.78	0	photic_stimulation	5	185756
928.85	0	photic_stimulation	5	185770
928.92	0	photic_stimulation	5	185784
928.99	0	photic_stimulation	5	185798
929.065	0	photic_stimulation	5	185813
929.135	0	photic_stimulation	5	185827
929.205	0	photic_stimulation	5	185841
929.28	0	photic_stimulation	5	185856
929.35	0	photic_stimulation	5	185870
929.42	0	photic_stimulation	5	185884
929.49	0	photic_stimulation	5	185898
929.565	0	photic_stimulation	5	185913
929.635	0	photic_stimulation	5	185927
929.705	0	photic_stimulation	5	185941
929.78	0	photic_stimulation	5	185956
929.85	0	photic_stimulation	5	185970
929.92	0	photic_stimulation	5	185984
929.99	0	photic_stimulation	5	185998
930.065	0	photic_stimulation	5	186013
930.135	0	photic_stimulation	5	186027
930.205	0	photic_stimulation	5	186041
930.275	0	photic_stimulation	5	186055
930.35	0	photic_stimulation	5	186070
930.42	0	photic_stimulation	5	186084
930.49	0	photic_stimulation	5	186098
930.565	0	photic_stimulation	5	186113
930.635	0	photic_stimulation	5	186127
930.705	0	photic_stimulation	5	186141
930.775	0	photic_stimulation	5	186155
930.85	0	photic_stimulation	5	186170
930.92	0	photic_stimulation	5	186184
930.99	0	photic_stimulation	5	186198
931.065	0	photic_stimulation	5	186213
931.135	0	photic_stimulation	5	186227
931.205	0	photic_stimulation	5	186241
931.275	0	photic_stimulation	5	186255
931.35	0	photic_stimulation	5	186270
931.42	0	photic_stimulation	5	186284
931.49	0	photic_stimulation	5	186298
931.56	0	photic_stimulation	5	186312
931.635	0	photic_stimulation	5	186327
931.705	0	photic_stimulation	5	186341
931.775	0	photic_stimulation	5	186355
931.85	0	photic_stimulation	5	186370
931.92	0	photic_stimulation	5	186384
931.99	0	photic_stimulation	5	186398
932.06	0	photic_stimulation	5	186412
932.135	0	photic_stimulation	5	186427
932.205	0	photic_stimulation	5	186441
932.275	0	photic_stimulation	5	186455
932.35	0	photic_stimulation	5	186470
932.42	0	photic_stimulation	5	186484
932.49	0	photic_stimulation	5	186498
932.56	0	photic_stimulation	5	186512
932.635	0	photic_stimulation	5	186527
932.705	0	photic_stimulation	5	186541
932.775	0	photic_stimulation	5	186555
932.845	0	photic_stimulation	5	186569
932.92	0	photic_stimulation	5	186584
932.99	0	photic_stimulation	5	186598
933.06	0	photic_stimulation	5	186612
933.135	0	photic_stimulation	5	186627
933.205	0	photic_stimulation	5	186641
933.275	0	photic_stimulation	5	186655
933.345	0	photic_stimulation	5	186669
933.42	0	photic_stimulation	5	186684
933.49	0	photic_stimulation	5	186698
933.56	0	photic_stimulation	5	186712
933.635	0	photic_stimulation	5	186727
933.705	0	photic_stimulation	5	186741
933.775	0	photic_stimulation	5	186755
933.845	0	photic_stimulation	5	186769
933.92	0	photic_stimulation	5	186784
933.99	0	photic_stimulation	5	186798
934.06	0	photic_stimulation	5	186812
934.13	0	photic_stimulation	5	186826
934.205	0	photic_stimulation	5	186841
934.275	0	photic_stimulation	5	186855
934.345	0	photic_stimulation	5	186869
934.42	0	photic_stimulation	5	186884
934.49	0	photic_stimulation	5	186898
934.56	0	photic_stimulation	5	186912
934.63	0	photic_stimulation	5	186926
934.705	0	photic_stimulation	5	186941
934.775	0	photic_stimulation	5	186955
934.78	0	photic_stimulation	5	186956
939.845	0	photic_stimulation	5	187969
939.915	0	photic_stimulation	5	187983
939.98	0	photic_stimulation	5	187996
940.045	0	photic_stimulation	5	188009
940.115	0	photic_stimulation	5	188023
940.18	0	photic_stimulation	5	188036
940.245	0	photic_stimulation	5	188049
940.315	0	photic_stimulation	5	188063
940.38	0	photic_stimulation	5	188076
940.445	0	photic_stimulation	5	188089
940.515	0	photic_stimulation	5	188103
940.58	0	photic_stimulation	5	188116
940.645	0	photic_stimulation	5	188129
940.715	0	photic_stimulation	5	188143
940.78	0	photic_stimulation	5	188156
940.845	0	photic_stimulation	5	188169
940.915	0	photic_stimulation	5	188183
940.98	0	photic_stimulation	5	188196
941.045	0	photic_stimulation	5	188209
941.115	0	photic_stimulation	5	188223
941.18	0	photic_stimulation	5	188236
941.245	0	photic_stimulation	5	188249
941.315	0	photic_stimulation	5	188263
941.38	0	photic_stimulation	5	188276
941.445	0	photic_stimulation	5	188289
941.515	0	photic_stimulation	5	188303
941.58	0	photic_stimulation	5	188316
941.645	0	photic_stimulation	5	188329
941.715	0	photic_stimulation	5	188343
941.78	0	photic_stimulation	5	188356
941.845	0	photic_stimulation	5	188369
941.915	0	photic_stimulation	5	188383
941.98	0	photic_stimulation	5	188396
942.045	0	photic_stimulation	5	188409
942.115	0	photic_stimulation	5	188423
942.18	0	photic_stimulation	5	188436
942.245	0	photic_stimulation	5	188449
942.315	0	photic_stimulation	5	188463
942.38	0	photic_stimulation	5	188476
942.445	0	photic_stimulation	5	188489
942.515	0	photic_stimulation	5	188503
942.58	0	photic_stimulation	5	188516
942.645	0	photic_stimulation	5	188529
942.715	0	photic_stimulation	5	188543
942.78	0	photic_stimulation	5	188556
942.845	0	photic_stimulation	5	188569
942.915	0	photic_stimulation	5	188583
942.98	0	photic_stimulation	5	188596
943.045	0	photic_stimulation	5	188609
943.115	0	photic_stimulation	5	188623
943.18	0	photic_stimulation	5	188636
943.245	0	photic_stimulation	5	188649
943.315	0	photic_stimulation	5	188663
943.38	0	photic_stimulation	5	188676
943.445	0	photic_stimulation	5	188689
943.515	0	photic_stimulation	5	188703
943.58	0	photic_stimulation	5	188716
943.645	0	photic_stimulation	5	188729
943.715	0	photic_stimulation	5	188743
943.78	0	photic_stimulation	5	188756
943.845	0	photic_stimulation	5	188769
943.915	0	photic_stimulation	5	188783
943.98	0	photic_stimulation	5	188796
944.045	0	photic_stimulation	5	188809
944.115	0	photic_stimulation	5	188823
944.18	0	photic_stimulation	5	188836
944.245	0	photic_stimulation	5	188849
944.315	0	photic_stimulation	5	188863
944.38	0	photic_stimulation	5	188876
944.445	0	photic_stimulation	5	188889
944.515	0	photic_stimulation	5	188903
944.58	0	photic_stimulation	5	188916
944.645	0	photic_stimulation	5	188929
944.715	0	photic_stimulation	5	188943
944.78	0	photic_stimulation	5	188956
944.845	0	photic_stimulation	5	188969
944.915	0	photic_stimulation	5	188983
944.98	0	photic_stimulation	5	188996
945.045	0	photic_stimulation	5	189009
945.115	0	photic_stimulation	5	189023
945.18	0	photic_stimulation	5	189036
945.245	0	photic_stimulation	5	189049
945.315	0	photic_stimulation	5	189063
945.38	0	photic_stimulation	5	189076
945.445	0	photic_stimulation	5	189089
945.515	0	photic_stimulation	5	189103
945.58	0	photic_stimulation	5	189116
945.645	0	photic_stimulation	5	189129
945.715	0	photic_stimulation	5	189143
945.78	0	photic_stimulation	5	189156
945.845	0	photic_stimulation	5	189169
945.915	0	photic_stimulation	5	189183
945.98	0	photic_stimulation	5	189196
946.045	0	photic_stimulation	5	189209
946.115	0	photic_stimulation	5	189223
946.18	0	photic_stimulation	5	189236
946.245	0	photic_stimulation	5	189249
946.315	0	photic_stimulation	5	189263
946.38	0	photic_stimulation	5	189276
946.445	0	photic_stimulation	5	189289
946.515	0	photic_stimulation	5	189303
946.58	0	photic_stimulation	5	189316
946.645	0	photic_stimulation	5	189329
946.715	0	photic_stimulation	5	189343
946.78	0	photic_stimulation	5	189356
946.845	0	photic_stimulation	5	189369
946.915	0	photic_stimulation	5	189383
946.98	0	photic_stimulation	5	189396
947.045	0	photic_stimulation	5	189409
947.115	0	photic_stimulation	5	189423
947.18	0	photic_stimulation	5	189436
947.245	0	photic_stimulation	5	189449
947.315	0	photic_stimulation	5	189463
947.38	0	photic_stimulation	5	189476
947.445	0	photic_stimulation	5	189489
947.515	0	photic_stimulation	5	189503
947.58	0	photic_stimulation	5	189516
947.645	0	photic_stimulation	5	189529
947.715	0	photic_stimulation	5	189543
947.78	0	photic_stimulation	5	189556
947.845	0	photic_stimulation	5	189569
947.915	0	photic_stimulation	5	189583
947.98	0	photic_stimulation	5	189596
948.045	0	photic_stimulation	5	189609
948.115	0	photic_stimulation	5	189623
948.18	0	photic_stimulation	5	189636
948.245	0	photic_stimulation	5	189649
948.315	0	photic_stimulation	5	189663
948.38	0	photic_stimulation	5	189676
948.445	0	photic_stimulation	5	189689
948.515	0	photic_stimulation	5	189703
948.58	0	photic_stimulation	5	189716
948.645	0	photic_stimulation	5	189729
948.715	0	photic_stimulation	5	189743
948.78	0	photic_stimulation	5	189756
948.845	0	photic_stimulation	5	189769
948.915	0	photic_stimulation	5	189783
948.98	0	photic_stimulation	5	189796
949.045	0	photic_stimulation	5	189809
949.115	0	photic_stimulation	5	189823
949.18	0	photic_stimulation	5	189836
949.245	0	photic_stimulation	5	189849
949.315	0	photic_stimulation	5	189863
949.38	0	photic_stimulation	5	189876
949.445	0	photic_stimulation	5	189889
949.515	0	photic_stimulation	5	189903
949.58	0	photic_stimulation	5	189916
949.645	0	photic_stimulation	5	189929
949.715	0	photic_stimulation	5	189943
949.78	0	photic_stimulation	5	189956
954.84	0	photic_stimulation	5	190968
954.9	0	photic_stimulation	5	190980
954.955	0	photic_stimulation	5	190991
955.015	0	photic_stimulation	5	191003
955.075	0	photic_stimulation	5	191015
955.135	0	photic_stimulation	5	191027
955.195	0	photic_stimulation	5	191039
955.25	0	photic_stimulation	5	191050
955.31	0	photic_stimulation	5	191062
955.37	0	photic_stimulation	5	191074
955.43	0	photic_stimulation	5	191086
955.485	0	photic_stimulation	5	191097
955.545	0	photic_stimulation	5	191109
955.605	0	photic_stimulation	5	191121
955.665	0	photic_stimulation	5	191133
955.725	0	photic_stimulation	5	191145
955.78	0	photic_stimulation	5	191156
955.84	0	photic_stimulation	5	191168
955.9	0	photic_stimulation	5	191180
955.96	0	photic_stimulation	5	191192
956.015	0	photic_stimulation	5	191203
956.075	0	photic_stimulation	5	191215
956.135	0	photic_stimulation	5	191227
956.195	0	photic_stimulation	5	191239
956.255	0	photic_stimulation	5	191251
956.31	0	photic_stimulation	5	191262
956.37	0	photic_stimulation	5	191274
956.43	0	photic_stimulation	5	191286
956.49	0	photic_stimulation	5	191298
956.545	0	photic_stimulation	5	191309
956.605	0	photic_stimulation	5	191321
956.665	0	photic_stimulation	5	191333
956.725	0	photic_stimulation	5	191345
956.785	0	photic_stimulation	5	191357
956.84	0	photic_stimulation	5	191368
956.9	0	photic_stimulation	5	191380
956.96	0	photic_stimulation	5	191392
957.02	0	photic_stimulation	5	191404
957.075	0	photic_stimulation	5	191415
957.135	0	photic_stimulation	5	191427
957.195	0	photic_stimulation	5	191439
957.255	0	photic_stimulation	5	191451
957.315	0	photic_stimulation	5	191463
957.37	0	photic_stimulation	5	191474
957.43	0	photic_stimulation	5	191486
957.49	0	photic_stimulation	5	191498
957.55	0	photic_stimulation	5	191510
957.605	0	photic_stimulation	5	191521
957.665	0	photic_stimulation	5	191533
957.725	0	photic_stimulation	5	191545
957.785	0	photic_stimulation	5	191557
957.845	0	photic_stimulation	5	191569
957.9	0	photic_stimulation	5	191580
957.96	0	photic_stimulation	5	191592
958.02	0	photic_stimulation	5	191604
958.08	0	photic_stimulation	5	191616
958.135	0	photic_stimulation	5	191627
958.195	0	photic_stimulation	5	191639
958.255	0	photic_stimulation	5	191651
958.315	0	photic_stimulation	5	191663
958.375	0	photic_stimulation	5	191675
958.43	0	photic_stimulation	5	191686
958.49	0	photic_stimulation	5	191698
958.55	0	photic_stimulation	5	191710
958.61	0	photic_stimulation	5	191722
958.665	0	photic_stimulation	5	191733
958.725	0	photic_stimulation	5	191745
958.785	0	photic_stimulation	5	191757
958.845	0	photic_stimulation	5	191769
958.905	0	photic_stimulation	5	191781
958.96	0	photic_stimulation	5	191792
959.02	0	photic_stimulation	5	191804
959.08	0	photic_stimulation	5	191816
959.14	0	photic_stimulation	5	191828
959.195	0	photic_stimulation	5	191839
959.255	0	photic_stimulation	5	191851
959.315	0	photic_stimulation	5	191863
959.375	0	photic_stimulation	5	191875
959.435	0	photic_stimulation	5	191887
959.49	0	photic_stimulation	5	191898
959.55	0	photic_stimulation	5	191910
959.61	0	photic_stimulation	5	191922
959.67	0	photic_stimulation	5	191934
959.725	0	photic_stimulation	5	191945
959.785	0	photic_stimulation	5	191957
959.845	0	photic_stimulation	5	191969
959.905	0	photic_stimulation	5	191981
959.965	0	photic_stimulation	5	191993
960.02	0	photic_stimulation	5	192004
960.08	0	photic_stimulation	5	192016
960.14	0	photic_stimulation	5	192028
960.2	0	photic_stimulation	5	192040
960.255	0	photic_stimulation	5	192051
960.315	0	photic_stimulation	5	192063
960.375	0	photic_stimulation	5	192075
960.435	0	photic_stimulation	5	192087
960.495	0	photic_stimulation	5	192099
960.55	0	photic_stimulation	5	192110
960.61	0	photic_stimulation	5	192122
960.67	0	photic_stimulation	5	192134
960.73	0	photic_stimulation	5	192146
960.785	0	photic_stimulation	5	192157
960.845	0	photic_stimulation	5	192169
960.905	0	photic_stimulation	5	192181
960.965	0	photic_stimulation	5	192193
961.025	0	photic_stimulation	5	192205
961.08	0	photic_stimulation	5	192216
961.14	0	photic_stimulation	5	192228
961.2	0	photic_stimulation	5	192240
961.26	0	photic_stimulation	5	192252
961.315	0	photic_stimulation	5	192263
961.375	0	photic_stimulation	5	192275
961.435	0	photic_stimulation	5	192287
961.495	0	photic_stimulation	5	192299
961.555	0	photic_stimulation	5	192311
961.61	0	photic_stimulation	5	192322
961.67	0	photic_stimulation	5	192334
961.73	0	photic_stimulation	5	192346
961.79	0	photic_stimulation	5	192358
961.845	0	photic_stimulation	5	192369
961.905	0	photic_stimulation	5	192381
961.965	0	photic_stimulation	5	192393
962.025	0	photic_stimulation	5	192405
962.085	0	photic_stimulation	5	192417
962.14	0	photic_stimulation	5	192428
962.2	0	photic_stimulation	5	192440
962.26	0	photic_stimulation	5	192452
962.32	0	photic_stimulation	5	192464
962.375	0	photic_stimulation	5	192475
962.435	0	photic_stimulation	5	192487
962.495	0	photic_stimulation	5	192499
962.555	0	photic_stimulation	5	192511
962.615	0	photic_stimulation	5	192523
962.67	0	photic_stimulation	5	192534
962.73	0	photic_stimulation	5	192546
962.79	0	photic_stimulation	5	192558
962.85	0	photic_stimulation	5	192570
962.905	0	photic_stimulation	5	192581
962.965	0	photic_stimulation	5	192593
963.025	0	photic_stimulation	5	192605
963.085	0	photic_stimulation	5	192617
963.145	0	photic_stimulation	5	192629
963.2	0	photic_stimulation	5	192640
963.26	0	photic_stimulation	5	192652
963.32	0	photic_stimulation	5	192664
963.38	0	photic_stimulation	5	192676
963.435	0	photic_stimulation	5	192687
963.495	0	photic_stimulation	5	192699
963.555	0	photic_stimulation	5	192711
963.615	0	photic_stimulation	5	192723
963.675	0	photic_stimulation	5	192735
963.73	0	photic_stimulation	5	192746
963.79	0	photic_stimulation	5	192758
963.85	0	photic_stimulation	5	192770
963.91	0	photic_stimulation	5	192782
963.965	0	photic_stimulation	5	192793
964.025	0	photic_stimulation	5	192805
964.085	0	photic_stimulation	5	192817
964.145	0	photic_stimulation	5	192829
964.205	0	photic_stimulation	5	192841
964.26	0	photic_stimulation	5	192852
964.32	0	photic_stimulation	5	192864
964.38	0	photic_stimulation	5	192876
964.44	0	photic_stimulation	5	192888
964.495	0	photic_stimulation	5	192899
964.555	0	photic_stimulation	5	192911
964.615	0	photic_stimulation	5	192923
964.675	0	photic_stimulation	5	192935
964.735	0	photic_stimulation	5	192947
964.78	0	photic_stimulation	5	192956
969.835	0	photic_stimulation	5	193967
969.885	0	photic_stimulation	5	193977
969.94	0	photic_stimulation	5	193988
969.99	0	photic_stimulation	5	193998
970.045	0	photic_stimulation	5	194009
970.095	0	photic_stimulation	5	194019
970.15	0	photic_stimulation	5	194030
970.2	0	photic_stimulation	5	194040
970.255	0	photic_stimulation	5	194051
970.305	0	photic_stimulation	5	194061
970.36	0	photic_stimulation	5	194072
970.41	0	photic_stimulation	5	194082
970.465	0	photic_stimulation	5	194093
970.515	0	photic_stimulation	5	194103
970.57	0	photic_stimulation	5	194114
970.62	0	photic_stimulation	5	194124
970.675	0	photic_stimulation	5	194135
970.725	0	photic_stimulation	5	194145
970.78	0	photic_stimulation	5	194156
970.83	0	photic_stimulation	5	194166
970.885	0	photic_stimulation	5	194177
970.935	0	photic_stimulation	5	194187
970.99	0	photic_stimulation	5	194198
971.04	0	photic_stimulation	5	194208
971.095	0	photic_stimulation	5	194219
971.145	0	photic_stimulation	5	194229
971.2	0	photic_stimulation	5	194240
971.25	0	photic_stimulation	5	194250
971.305	0	photic_stimulation	5	194261
971.355	0	photic_stimulation	5	194271
971.41	0	photic_stimulation	5	194282
971.46	0	photic_stimulation	5	194292
971.515	0	photic_stimulation	5	194303
971.565	0	photic_stimulation	5	194313
971.62	0	photic_stimulation	5	194324
971.67	0	photic_stimulation	5	194334
971.725	0	photic_stimulation	5	194345
971.775	0	photic_stimulation	5	194355
971.83	0	photic_stimulation	5	194366
971.88	0	photic_stimulation	5	194376
971.935	0	photic_stimulation	5	194387
971.985	0	photic_stimulation	5	194397
972.04	0	photic_stimulation	5	194408
972.09	0	photic_stimulation	5	194418
972.145	0	photic_stimulation	5	194429
972.195	0	photic_stimulation	5	194439
972.25	0	photic_stimulation	5	194450
972.3	0	photic_stimulation	5	194460
972.355	0	photic_stimulation	5	194471
972.405	0	photic_stimulation	5	194481
972.46	0	photic_stimulation	5	194492
972.51	0	photic_stimulation	5	194502
972.565	0	photic_stimulation	5	194513
972.615	0	photic_stimulation	5	194523
972.67	0	photic_stimulation	5	194534
972.72	0	photic_stimulation	5	194544
972.775	0	photic_stimulation	5	194555
972.825	0	photic_stimulation	5	194565
972.88	0	photic_stimulation	5	194576
972.93	0	photic_stimulation	5	194586
972.985	0	photic_stimulation	5	194597
973.035	0	photic_stimulation	5	194607
973.09	0	photic_stimulation	5	194618
973.14	0	photic_stimulation	5	194628
973.195	0	photic_stimulation	5	194639
973.245	0	photic_stimulation	5	194649
973.3	0	photic_stimulation	5	194660
973.35	0	photic_stimulation	5	194670
973.405	0	photic_stimulation	5	194681
973.455	0	photic_stimulation	5	194691
973.51	0	photic_stimulation	5	194702
973.56	0	photic_stimulation	5	194712
973.615	0	photic_stimulation	5	194723
973.665	0	photic_stimulation	5	194733
973.72	0	photic_stimulation	5	194744
973.77	0	photic_stimulation	5	194754
973.825	0	photic_stimulation	5	194765
973.875	0	photic_stimulation	5	194775
973.93	0	photic_stimulation	5	194786
973.98	0	photic_stimulation	5	194796
974.035	0	photic_stimulation	5	194807
974.085	0	photic_stimulation	5	194817
974.14	0	photic_stimulation	5	194828
974.19	0	photic_stimulation	5	194838
974.245	0	photic_stimulation	5	194849
974.295	0	photic_stimulation	5	194859
974.35	0	photic_stimulation	5	194870
974.4	0	photic_stimulation	5	194880
974.455	0	photic_stimulation	5	194891
974.505	0	photic_stimulation	5	194901
974.56	0	photic_stimulation	5	194912
974.61	0	photic_stimulation	5	194922
974.665	0	photic_stimulation	5	194933
974.715	0	photic_stimulation	5	194943
974.77	0	photic_stimulation	5	194954
974.82	0	photic_stimulation	5	194964
974.875	0	photic_stimulation	5	194975
974.925	0	photic_stimulation	5	194985
974.98	0	photic_stimulation	5	194996
975.03	0	photic_stimulation	5	195006
975.085	0	photic_stimulation	5	195017
975.135	0	photic_stimulation	5	195027
975.19	0	photic_stimulation	5	195038
975.24	0	photic_stimulation	5	195048
975.295	0	photic_stimulation	5	195059
975.345	0	photic_stimulation	5	195069
975.4	0	photic_stimulation	5	195080
975.45	0	photic_stimulation	5	195090
975.505	0	photic_stimulation	5	195101
975.555	0	photic_stimulation	5	195111
975.61	0	photic_stimulation	5	195122
975.66	0	photic_stimulation	5	195132
975.715	0	photic_stimulation	5	195143
975.765	0	photic_stimulation	5	195153
975.82	0	photic_stimulation	5	195164
975.87	0	photic_stimulation	5	195174
975.925	0	photic_stimulation	5	195185
975.975	0	photic_stimulation	5	195195
976.03	0	photic_stimulation	5	195206
976.08	0	photic_stimulation	5	195216
976.135	0	photic_stimulation	5	195227
976.185	0	photic_stimulation	5	195237
976.24	0	photic_stimulation	5	195248
976.29	0	photic_stimulation	5	195258
976.345	0	photic_stimulation	5	195269
976.395	0	photic_stimulation	5	195279
976.45	0	photic_stimulation	5	195290
976.5	0	photic_stimulation	5	195300
976.555	0	photic_stimulation	5	195311
976.605	0	photic_stimulation	5	195321
976.66	0	photic_stimulation	5	195332
976.71	0	photic_stimulation	5	195342
976.765	0	photic_stimulation	5	195353
976.815	0	photic_stimulation	5	195363
976.87	0	photic_stimulation	5	195374
976.92	0	photic_stimulation	5	195384
976.975	0	photic_stimulation	5	195395
977.025	0	photic_stimulation	5	195405
977.08	0	photic_stimulation	5	195416
977.13	0	photic_stimulation	5	195426
977.185	0	photic_stimulation	5	195437
977.235	0	photic_stimulation	5	195447
977.29	0	photic_stimulation	5	195458
977.34	0	photic_stimulation	5	195468
977.395	0	photic_stimulation	5	195479
977.445	0	photic_stimulation	5	195489
977.5	0	photic_stimulation	5	195500
977.55	0	photic_stimulation	5	195510
977.605	0	photic_stimulation	5	195521
977.655	0	photic_stimulation	5	195531
977.71	0	photic_stimulation	5	195542
977.76	0	photic_stimulation	5	195552
977.815	0	photic_stimulation	5	195563
977.865	0	photic_stimulation	5	195573
977.92	0	photic_stimulation	5	195584
977.97	0	photic_stimulation	5	195594
978.025	0	photic_stimulation	5	195605
978.075	0	photic_stimulation	5	195615
978.13	0	photic_stimulation	5	195626
978.18	0	photic_stimulation	5	195636
978.235	0	photic_stimulation	5	195647
978.285	0	photic_stimulation	5	195657
978.34	0	photic_stimulation	5	195668
978.39	0	photic_stimulation	5	195678
978.445	0	photic_stimulation	5	195689
978.495	0	photic_stimulation	5	195699
978.55	0	photic_stimulation	5	195710
978.6	0	photic_stimulation	5	195720
978.655	0	photic_stimulation	5	195731
978.705	0	photic_stimulation	5	195741
978.76	0	photic_stimulation	5	195752
978.81	0	photic_stimulation	5	195762
978.865	0	photic_stimulation	5	195773
978.915	0	photic_stimulation	5	195783
978.97	0	photic_stimulation	5	195794
979.02	0	photic_stimulation	5	195804
979.075	0	photic_stimulation	5	195815
979.125	0	photic_stimulation	5	195825
979.18	0	photic_stimulation	5	195836
979.23	0	photic_stimulation	5	195846
979.285	0	photic_stimulation	5	195857
979.335	0	photic_stimulation	5	195867
979.39	0	photic_stimulation	5	195878
979.44	0	photic_stimulation	5	195888
979.495	0	photic_stimulation	5	195899
979.545	0	photic_stimulation	5	195909
979.6	0	photic_stimulation	5	195920
979.65	0	photic_stimulation	5	195930
979.705	0	photic_stimulation	5	195941
979.755	0	photic_stimulation	5	195951
979.78	0	photic_stimulation	5	195956
984.83	0	photic_stimulation	5	196966
984.875	0	photic_stimulation	5	196975
984.925	0	photic_stimulation	5	196985
984.97	0	photic_stimulation	5	196994
985.02	0	photic_stimulation	5	197004
985.065	0	photic_stimulation	5	197013
985.115	0	photic_stimulation	5	197023
985.16	0	photic_stimulation	5	197032
985.21	0	photic_stimulation	5	197042
985.255	0	photic_stimulation	5	197051
985.305	0	photic_stimulation	5	197061
985.35	0	photic_stimulation	5	197070
985.4	0	photic_stimulation	5	197080
985.445	0	photic_stimulation	5	197089
985.495	0	photic_stimulation	5	197099
985.54	0	photic_stimulation	5	197108
985.59	0	photic_stimulation	5	197118
985.635	0	photic_stimulation	5	197127
985.685	0	photic_stimulation	5	197137
985.73	0	photic_stimulation	5	197146
985.78	0	photic_stimulation	5	197156
985.825	0	photic_stimulation	5	197165
985.875	0	photic_stimulation	5	197175
985.92	0	photic_stimulation	5	197184
985.97	0	photic_stimulation	5	197194
986.015	0	photic_stimulation	5	197203
986.065	0	photic_stimulation	5	197213
986.11	0	photic_stimulation	5	197222
986.16	0	photic_stimulation	5	197232
986.205	0	photic_stimulation	5	197241
986.255	0	photic_stimulation	5	197251
986.3	0	photic_stimulation	5	197260
986.35	0	photic_stimulation	5	197270
986.395	0	photic_stimulation	5	197279
986.445	0	photic_stimulation	5	197289
986.49	0	photic_stimulation	5	197298
986.54	0	photic_stimulation	5	197308
986.585	0	photic_stimulation	5	197317
986.635	0	photic_stimulation	5	197327
986.68	0	photic_stimulation	5	197336
986.73	0	photic_stimulation	5	197346
986.775	0	photic_stimulation	5	197355
986.825	0	photic_stimulation	5	197365
986.87	0	photic_stimulation	5	197374
986.92	0	photic_stimulation	5	197384
986.965	0	photic_stimulation	5	197393
987.015	0	photic_stimulation	5	197403
987.06	0	photic_stimulation	5	197412
987.11	0	photic_stimulation	5	197422
987.155	0	photic_stimulation	5	197431
987.205	0	photic_stimulation	5	197441
987.25	0	photic_stimulation	5	197450
987.3	0	photic_stimulation	5	197460
987.345	0	photic_stimulation	5	197469
987.395	0	photic_stimulation	5	197479
987.44	0	photic_stimulation	5	197488
987.49	0	photic_stimulation	5	197498
987.535	0	photic_stimulation	5	197507
987.585	0	photic_stimulation	5	197517
987.63	0	photic_stimulation	5	197526
987.68	0	photic_stimulation	5	197536
987.725	0	photic_stimulation	5	197545
987.775	0	photic_stimulation	5	197555
987.82	0	photic_stimulation	5	197564
987.87	0	photic_stimulation	5	197574
987.915	0	photic_stimulation	5	197583
987.965	0	photic_stimulation	5	197593
988.01	0	photic_stimulation	5	197602
988.06	0	photic_stimulation	5	197612
988.105	0	photic_stimulation	5	197621
988.155	0	photic_stimulation	5	197631
988.2	0	photic_stimulation	5	197640
988.25	0	photic_stimulation	5	197650
988.295	0	photic_stimulation	5	197659
988.345	0	photic_stimulation	5	197669
988.39	0	photic_stimulation	5	197678
988.44	0	photic_stimulation	5	197688
988.485	0	photic_stimulation	5	197697
988.535	0	photic_stimulation	5	197707
988.58	0	photic_stimulation	5	197716
988.63	0	photic_stimulation	5	197726
988.675	0	photic_stimulation	5	197735
988.725	0	photic_stimulation	5	197745
988.77	0	photic_stimulation	5	197754
988.82	0	photic_stimulation	5	197764
988.865	0	photic_stimulation	5	197773
988.915	0	photic_stimulation	5	197783
988.96	0	photic_stimulation	5	197792
989.01	0	photic_stimulation	5	197802
989.055	0	photic_stimulation	5	197811
989.105	0	photic_stimulation	5	197821
989.15	0	photic_stimulation	5	197830
989.2	0	photic_stimulation	5	197840
989.245	0	photic_stimulation	5	197849
989.295	0	photic_stimulation	5	197859
989.34	0	photic_stimulation	5	197868
989.39	0	photic_stimulation	5	197878
989.435	0	photic_stimulation	5	197887
989.485	0	photic_stimulation	5	197897
989.53	0	photic_stimulation	5	197906
989.58	0	photic_stimulation	5	197916
989.625	0	photic_stimulation	5	197925
989.675	0	photic_stimulation	5	197935
989.72	0	photic_stimulation	5	197944
989.77	0	photic_stimulation	5	197954
989.815	0	photic_stimulation	5	197963
989.865	0	photic_stimulation	5	197973
989.91	0	photic_stimulation	5	197982
989.96	0	photic_stimulation	5	197992
990.005	0	photic_stimulation	5	198001
990.055	0	photic_stimulation	5	198011
990.1	0	photic_stimulation	5	198020
990.15	0	photic_stimulation	5	198030
990.195	0	photic_stimulation	5	198039
990.245	0	photic_stimulation	5	198049
990.29	0	photic_stimulation	5	198058
990.34	0	photic_stimulation	5	198068
990.385	0	photic_stimulation	5	198077
990.435	0	photic_stimulation	5	198087
990.48	0	photic_stimulation	5	198096
990.53	0	photic_stimulation	5	198106
990.575	0	photic_stimulation	5	198115
990.625	0	photic_stimulation	5	198125
990.67	0	photic_stimulation	5	198134
990.72	0	photic_stimulation	5	198144
990.765	0	photic_stimulation	5	198153
990.815	0	photic_stimulation	5	198163
990.86	0	photic_stimulation	5	198172
990.91	0	photic_stimulation	5	198182
990.955	0	photic_stimulation	5	198191
991.005	0	photic_stimulation	5	198201
991.05	0	photic_stimulation	5	198210
991.1	0	photic_stimulation	5	198220
991.145	0	photic_stimulation	5	198229
991.195	0	photic_stimulation	5	198239
991.24	0	photic_stimulation	5	198248
991.29	0	photic_stimulation	5	198258
991.335	0	photic_stimulation	5	198267
991.385	0	photic_stimulation	5	198277
991.43	0	photic_stimulation	5	198286
991.48	0	photic_stimulation	5	198296
991.525	0	photic_stimulation	5	198305
991.575	0	photic_stimulation	5	198315
991.62	0	photic_stimulation	5	198324
991.67	0	photic_stimulation	5	198334
991.715	0	photic_stimulation	5	198343
991.765	0	photic_stimulation	5	198353
991.81	0	photic_stimulation	5	198362
991.86	0	photic_stimulation	5	198372
991.905	0	photic_stimulation	5	198381
991.955	0	photic_stimulation	5	198391
992	0	photic_stimulation	5	198400
992.05	0	photic_stimulation	5	198410
992.095	0	photic_stimulation	5	198419
992.145	0	photic_stimulation	5	198429
992.19	0	photic_stimulation	5	198438
992.24	0	photic_stimulation	5	198448
992.285	0	photic_stimulation	5	198457
992.335	0	photic_stimulation	5	198467
992.38	0	photic_stimulation	5	198476
992.43	0	photic_stimulation	5	198486
992.475	0	photic_stimulation	5	198495
992.525	0	photic_stimulation	5	198505
992.57	0	photic_stimulation	5	198514
992.62	0	photic_stimulation	5	198524
992.665	0	photic_stimulation	5	198533
992.715	0	photic_stimulation	5	198543
992.76	0	photic_stimulation	5	198552
992.81	0	photic_stimulation	5	198562
992.855	0	photic_stimulation	5	198571
992.905	0	photic_stimulation	5	198581
992.95	0	photic_stimulation	5	198590
993	0	photic_stimulation	5	198600
993.045	0	photic_stimulation	5	198609
993.095	0	photic_stimulation	5	198619
993.14	0	photic_stimulation	5	198628
993.19	0	photic_stimulation	5	198638
993.235	0	photic_stimulation	5	198647
993.285	0	photic_stimulation	5	198657
993.33	0	photic_stimulation	5	198666
993.38	0	photic_stimulation	5	198676
993.425	0	photic_stimulation	5	198685
993.475	0	photic_stimulation	5	198695
993.52	0	photic_stimulation	5	198704
993.57	0	photic_stimulation	5	198714
993.615	0	photic_stimulation	5	198723
993.665	0	photic_stimulation	5	198733
993.71	0	photic_stimulation	5	198742
993.76	0	photic_stimulation	5	198752
993.805	0	photic_stimulation	5	198761
993.855	0	photic_stimulation	5	198771
993.9	0	photic_stimulation	5	198780
993.95	0	photic_stimulation	5	198790
993.995	0	photic_stimulation	5	198799
994.045	0	photic_stimulation	5	198809
994.09	0	photic_stimulation	5	198818
994.14	0	photic_stimulation	5	198828
994.185	0	photic_stimulation	5	198837
994.235	0	photic_stimulation	5	198847
994.28	0	photic_stimulation	5	198856
994.33	0	photic_stimulation	5	198866
994.375	0	photic_stimulation	5	198875
994.425	0	photic_stimulation	5	198885
994.47	0	photic_stimulation	5	198894
994.52	0	photic_stimulation	5	198904
994.565	0	photic_stimulation	5	198913
994.615	0	photic_stimulation	5	198923
994.66	0	photic_stimulation	5	198932
994.71	0	photic_stimulation	5	198942
994.755	0	photic_stimulation	5	198951
994.78	0	photic_stimulation	5	198956
999.825	0	photic_stimulation	5	199965
999.87	0	photic_stimulation	5	199974
999.91	0	photic_stimulation	5	199982
999.955	0	photic_stimulation	5	199991
1000	0	photic_stimulation	5	200000
1000.04	0	photic_stimulation	5	200008
1000.085	0	photic_stimulation	5	200017
1000.13	0	photic_stimulation	5	200026
1000.175	0	photic_stimulation	5	200035
1000.215	0	photic_stimulation	5	200043
1000.26	0	photic_stimulation	5	200052
1000.305	0	photic_stimulation	5	200061
1000.345	0	photic_stimulation	5	200069
1000.39	0	photic_stimulation	5	200078
1000.435	0	photic_stimulation	5	200087
1000.48	0	photic_stimulation	5	200096
1000.52	0	photic_stimulation	5	200104
1000.565	0	photic_stimulation	5	200113
1000.61	0	photic_stimulation	5	200122
1000.655	0	photic_stimulation	5	200131
1000.695	0	photic_stimulation	5	200139
1000.74	0	photic_stimulation	5	200148
1000.785	0	photic_stimulation	5	200157
1000.825	0	photic_stimulation	5	200165
1000.87	0	photic_stimulation	5	200174
1000.915	0	photic_stimulation	5	200183
1000.96	0	photic_stimulation	5	200192
1001	0	photic_stimulation	5	200200
1001.045	0	photic_stimulation	5	200209
1001.09	0	photic_stimulation	5	200218
1001.13	0	photic_stimulation	5	200226
1001.175	0	photic_stimulation	5	200235
1001.22	0	photic_stimulation	5	200244
1001.265	0	photic_stimulation	5	200253
1001.305	0	photic_stimulation	5	200261
1001.35	0	photic_stimulation	5	200270
1001.395	0	photic_stimulation	5	200279
1001.44	0	photic_stimulation	5	200288
1001.48	0	photic_stimulation	5	200296
1001.525	0	photic_stimulation	5	200305
1001.57	0	photic_stimulation	5	200314
1001.61	0	photic_stimulation	5	200322
1001.655	0	photic_stimulation	5	200331
1001.7	0	photic_stimulation	5	200340
1001.745	0	photic_stimulation	5	200349
1001.785	0	photic_stimulation	5	200357
1001.83	0	photic_stimulation	5	200366
1001.875	0	photic_stimulation	5	200375
1001.915	0	photic_stimulation	5	200383
1001.96	0	photic_stimulation	5	200392
1002.005	0	photic_stimulation	5	200401
1002.05	0	photic_stimulation	5	200410
1002.09	0	photic_stimulation	5	200418
1002.135	0	photic_stimulation	5	200427
1002.18	0	photic_stimulation	5	200436
1002.225	0	photic_stimulation	5	200445
1002.265	0	photic_stimulation	5	200453
1002.31	0	photic_stimulation	5	200462
1002.355	0	photic_stimulation	5	200471
1002.395	0	photic_stimulation	5	200479
1002.44	0	photic_stimulation	5	200488
1002.485	0	photic_stimulation	5	200497
1002.53	0	photic_stimulation	5	200506
1002.57	0	photic_stimulation	5	200514
1002.615	0	photic_stimulation	5	200523
1002.66	0	photic_stimulation	5	200532
1002.7	0	photic_stimulation	5	200540
1002.745	0	photic_stimulation	5	200549
1002.79	0	photic_stimulation	5	200558
1002.835	0	photic_stimulation	5	200567
1002.875	0	photic_stimulation	5	200575
1002.92	0	photic_stimulation	5	200584
1002.965	0	photic_stimulation	5	200593
1003.01	0	photic_stimulation	5	200602
1003.05	0	photic_stimulation	5	200610
1003.095	0	photic_stimulation	5	200619
1003.14	0	photic_stimulation	5	200628
1003.18	0	photic_stimulation	5	200636
1003.225	0	photic_stimulation	5	200645
1003.27	0	photic_stimulation	5	200654
1003.315	0	photic_stimulation	5	200663
1003.355	0	photic_stimulation	5	200671
1003.4	0	photic_stimulation	5	200680
1003.445	0	photic_stimulation	5	200689
1003.485	0	photic_stimulation	5	200697
1003.53	0	photic_stimulation	5	200706
1003.575	0	photic_stimulation	5	200715
1003.62	0	photic_stimulation	5	200724
1003.66	0	photic_stimulation	5	200732
1003.705	0	photic_stimulation	5	200741
1003.75	0	photic_stimulation	5	200750
1003.795	0	photic_stimulation	5	200759
1003.835	0	photic_stimulation	5	200767
1003.88	0	photic_stimulation	5	200776
1003.925	0	photic_stimulation	5	200785
1003.965	0	photic_stimulation	5	200793
1004.01	0	photic_stimulation	5	200802
1004.055	0	photic_stimulation	5	200811
1004.1	0	photic_stimulation	5	200820
1004.14	0	photic_stimulation	5	200828
1004.185	0	photic_stimulation	5	200837
1004.23	0	photic_stimulation	5	200846
1004.27	0	photic_stimulation	5	200854
1004.315	0	photic_stimulation	5	200863
1004.36	0	photic_stimulation	5	200872
1004.405	0	photic_stimulation	5	200881
1004.445	0	photic_stimulation	5	200889
1004.49	0	photic_stimulation	5	200898
1004.535	0	photic_stimulation	5	200907
1004.58	0	photic_stimulation	5	200916
1004.62	0	photic_stimulation	5	200924
1004.665	0	photic_stimulation	5	200933
1004.71	0	photic_stimulation	5	200942
1004.75	0	photic_stimulation	5	200950
1004.795	0	photic_stimulation	5	200959
1004.84	0	photic_stimulation	5	200968
1004.885	0	photic_stimulation	5	200977
1004.925	0	photic_stimulation	5	200985
1004.97	0	photic_stimulation	5	200994
1005.015	0	photic_stimulation	5	201003
1005.055	0	photic_stimulation	5	201011
1005.1	0	photic_stimulation	5	201020
1005.145	0	photic_stimulation	5	201029
1005.19	0	photic_stimulation	5	201038
1005.23	0	photic_stimulation	5	201046
1005.275	0	photic_stimulation	5	201055
1005.32	0	photic_stimulation	5	201064
1005.365	0	photic_stimulation	5	201073
1005.405	0	photic_stimulation	5	201081
1005.45	0	photic_stimulation	5	201090
1005.495	0	photic_stimulation	5	201099
1005.535	0	photic_stimulation	5	201107
1005.58	0	photic_stimulation	5	201116
1005.625	0	photic_stimulation	5	201125
1005.67	0	photic_stimulation	5	201134
1005.71	0	photic_stimulation	5	201142
1005.755	0	photic_stimulation	5	201151
1005.8	0	photic_stimulation	5	201160
1005.84	0	photic_stimulation	5	201168
1005.885	0	photic_stimulation	5	201177
1005.93	0	photic_stimulation	5	201186
1005.975	0	photic_stimulation	5	201195
1006.015	0	photic_stimulation	5	201203
1006.06	0	photic_stimulation	5	201212
1006.105	0	photic_stimulation	5	201221
1006.15	0	photic_stimulation	5	201230
1006.19	0	photic_stimulation	5	201238
1006.235	0	photic_stimulation	5	201247
1006.28	0	photic_stimulation	5	201256
1006.32	0	photic_stimulation	5	201264
1006.365	0	photic_stimulation	5	201273
1006.41	0	photic_stimulation	5	201282
1006.455	0	photic_stimulation	5	201291
1006.495	0	photic_stimulation	5	201299
1006.54	0	photic_stimulation	5	201308
1006.585	0	photic_stimulation	5	201317
1006.625	0	photic_stimulation	5	201325
1006.67	0	photic_stimulation	5	201334
1006.715	0	photic_stimulation	5	201343
1006.76	0	photic_stimulation	5	201352
1006.8	0	photic_stimulation	5	201360
1006.845	0	photic_stimulation	5	201369
1006.89	0	photic_stimulation	5	201378
1006.935	0	photic_stimulation	5	201387
1006.975	0	photic_stimulation	5	201395
1007.02	0	photic_stimulation	5	201404
1007.065	0	photic_stimulation	5	201413
1007.105	0	photic_stimulation	5	201421
1007.15	0	photic_stimulation	5	201430
1007.195	0	photic_stimulation	5	201439
1007.24	0	photic_stimulation	5	201448
1007.28	0	photic_stimulation	5	201456
1007.325	0	photic_stimulation	5	201465
1007.37	0	photic_stimulation	5	201474
1007.41	0	photic_stimulation	5	201482
1007.455	0	photic_stimulation	5	201491
1007.5	0	photic_stimulation	5	201500
1007.545	0	photic_stimulation	5	201509
1007.585	0	photic_stimulation	5	201517
1007.63	0	photic_stimulation	5	201526
1007.675	0	photic_stimulation	5	201535
1007.72	0	photic_stimulation	5	201544
1007.76	0	photic_stimulation	5	201552
1007.805	0	photic_stimulation	5	201561
1007.85	0	photic_stimulation	5	201570
1007.89	0	photic_stimulation	5	201578
1007.935	0	photic_stimulation	5	201587
1007.98	0	photic_stimulation	5	201596
1008.025	0	photic_stimulation	5	201605
1008.065	0	photic_stimulation	5	201613
1008.11	0	photic_stimulation	5	201622
1008.155	0	photic_stimulation	5	201631
1008.195	0	photic_stimulation	5	201639
1008.24	0	photic_stimulation	5	201648
1008.285	0	photic_stimulation	5	201657
1008.33	0	photic_stimulation	5	201666
1008.37	0	photic_stimulation	5	201674
1008.415	0	photic_stimulation	5	201683
1008.46	0	photic_stimulation	5	201692
1008.505	0	photic_stimulation	5	201701
1008.545	0	photic_stimulation	5	201709
1008.59	0	photic_stimulation	5	201718
1008.635	0	photic_stimulation	5	201727
1008.675	0	photic_stimulation	5	201735
1008.72	0	photic_stimulation	5	201744
1008.765	0	photic_stimulation	5	201753
1008.81	0	photic_stimulation	5	201762
1008.85	0	photic_stimulation	5	201770
1008.895	0	photic_stimulation	5	201779
1008.94	0	photic_stimulation	5	201788
1008.98	0	photic_stimulation	5	201796
1009.025	0	photic_stimulation	5	201805
1009.07	0	photic_stimulation	5	201814
1009.115	0	photic_stimulation	5	201823
1009.155	0	photic_stimulation	5	201831
1009.2	0	photic_stimulation	5	201840
1009.245	0	photic_stimulation	5	201849
1009.29	0	photic_stimulation	5	201858
1009.33	0	photic_stimulation	5	201866
1009.375	0	photic_stimulation	5	201875
1009.42	0	photic_stimulation	5	201884
1009.46	0	photic_stimulation	5	201892
1009.505	0	photic_stimulation	5	201901
1009.55	0	photic_stimulation	5	201910
1009.595	0	photic_stimulation	5	201919
1009.635	0	photic_stimulation	5	201927
1009.68	0	photic_stimulation	5	201936
1009.725	0	photic_stimulation	5	201945
1009.765	0	photic_stimulation	5	201953
1009.78	0	photic_stimulation	5	201956
1014.82	0	photic_stimulation	5	202964
1014.86	0	photic_stimulation	5	202972
1014.9	0	photic_stimulation	5	202980
1014.94	0	photic_stimulation	5	202988
1014.98	0	photic_stimulation	5	202996
1015.02	0	photic_stimulation	5	203004
1015.06	0	photic_stimulation	5	203012
1015.1	0	photic_stimulation	5	203020
1015.14	0	photic_stimulation	5	203028
1015.18	0	photic_stimulation	5	203036
1015.22	0	photic_stimulation	5	203044
1015.26	0	photic_stimulation	5	203052
1015.3	0	photic_stimulation	5	203060
1015.34	0	photic_stimulation	5	203068
1015.38	0	photic_stimulation	5	203076
1015.42	0	photic_stimulation	5	203084
1015.46	0	photic_stimulation	5	203092
1015.5	0	photic_stimulation	5	203100
1015.54	0	photic_stimulation	5	203108
1015.58	0	photic_stimulation	5	203116
1015.62	0	photic_stimulation	5	203124
1015.66	0	photic_stimulation	5	203132
1015.7	0	photic_stimulation	5	203140
1015.74	0	photic_stimulation	5	203148
1015.78	0	photic_stimulation	5	203156
1015.82	0	photic_stimulation	5	203164
1015.86	0	photic_stimulation	5	203172
1015.9	0	photic_stimulation	5	203180
1015.94	0	photic_stimulation	5	203188
1015.98	0	photic_stimulation	5	203196
1016.02	0	photic_stimulation	5	203204
1016.06	0	photic_stimulation	5	203212
1016.1	0	photic_stimulation	5	203220
1016.14	0	photic_stimulation	5	203228
1016.18	0	photic_stimulation	5	203236
1016.22	0	photic_stimulation	5	203244
1016.26	0	photic_stimulation	5	203252
1016.3	0	photic_stimulation	5	203260
1016.34	0	photic_stimulation	5	203268
1016.38	0	photic_stimulation	5	203276
1016.42	0	photic_stimulation	5	203284
1016.46	0	photic_stimulation	5	203292
1016.5	0	photic_stimulation	5	203300
1016.54	0	photic_stimulation	5	203308
1016.58	0	photic_stimulation	5	203316
1016.62	0	photic_stimulation	5	203324
1016.66	0	photic_stimulation	5	203332
1016.7	0	photic_stimulation	5	203340
1016.74	0	photic_stimulation	5	203348
1016.78	0	photic_stimulation	5	203356
1016.82	0	photic_stimulation	5	203364
1016.86	0	photic_stimulation	5	203372
1016.9	0	photic_stimulation	5	203380
1016.94	0	photic_stimulation	5	203388
1016.98	0	photic_stimulation	5	203396
1017.02	0	photic_stimulation	5	203404
1017.06	0	photic_stimulation	5	203412
1017.1	0	photic_stimulation	5	203420
1017.14	0	photic_stimulation	5	203428
1017.18	0	photic_stimulation	5	203436
1017.22	0	photic_stimulation	5	203444
1017.26	0	photic_stimulation	5	203452
1017.3	0	photic_stimulation	5	203460
1017.34	0	photic_stimulation	5	203468
1017.38	0	photic_stimulation	5	203476
1017.42	0	photic_stimulation	5	203484
1017.46	0	photic_stimulation	5	203492
1017.5	0	photic_stimulation	5	203500
1017.54	0	photic_stimulation	5	203508
1017.58	0	photic_stimulation	5	203516
1017.62	0	photic_stimulation	5	203524
1017.66	0	photic_stimulation	5	203532
1017.7	0	photic_stimulation	5	203540
1017.74	0	photic_stimulation	5	203548
1017.78	0	photic_stimulation	5	203556
1017.82	0	photic_stimulation	5	203564
1017.86	0	photic_stimulation	5	203572
1017.9	0	photic_stimulation	5	203580
1017.94	0	photic_stimulation	5	203588
1017.98	0	photic_stimulation	5	203596
1018.02	0	photic_stimulation	5	203604
1018.06	0	photic_stimulation	5	203612
1018.1	0	photic_stimulation	5	203620
1018.14	0	photic_stimulation	5	203628
1018.18	0	photic_stimulation	5	203636
1018.22	0	photic_stimulation	5	203644
1018.26	0	photic_stimulation	5	203652
1018.3	0	photic_stimulation	5	203660
1018.34	0	photic_stimulation	5	203668
1018.38	0	photic_stimulation	5	203676
1018.42	0	photic_stimulation	5	203684
1018.46	0	photic_stimulation	5	203692
1018.5	0	photic_stimulation	5	203700
1018.54	0	photic_stimulation	5	203708
1018.58	0	photic_stimulation	5	203716
1018.62	0	photic_stimulation	5	203724
1018.66	0	photic_stimulation	5	203732
1018.7	0	photic_stimulation	5	203740
1018.74	0	photic_stimulation	5	203748
1018.78	0	photic_stimulation	5	203756
1018.82	0	photic_stimulation	5	203764
1018.86	0	photic_stimulation	5	203772
1018.9	0	photic_stimulation	5	203780
1018.94	0	photic_stimulation	5	203788
1018.98	0	photic_stimulation	5	203796
1019.02	0	photic_stimulation	5	203804
1019.06	0	photic_stimulation	5	203812
1019.1	0	photic_stimulation	5	203820
1019.14	0	photic_stimulation	5	203828
1019.18	0	photic_stimulation	5	203836
1019.22	0	photic_stimulation	5	203844
1019.26	0	photic_stimulation	5	203852
1019.3	0	photic_stimulation	5	203860
1019.34	0	photic_stimulation	5	203868
1019.38	0	photic_stimulation	5	203876
1019.42	0	photic_stimulation	5	203884
1019.46	0	photic_stimulation	5	203892
1019.5	0	photic_stimulation	5	203900
1019.54	0	photic_stimulation	5	203908
1019.58	0	photic_stimulation	5	203916
1019.62	0	photic_stimulation	5	203924
1019.66	0	photic_stimulation	5	203932
1019.7	0	photic_stimulation	5	203940
1019.74	0	photic_stimulation	5	203948
1019.78	0	photic_stimulation	5	203956
1019.82	0	photic_stimulation	5	203964
1019.86	0	photic_stimulation	5	203972
1019.9	0	photic_stimulation	5	203980
1019.94	0	photic_stimulation	5	203988
1019.98	0	photic_stimulation	5	203996
1020.02	0	photic_stimulation	5	204004
1020.06	0	photic_stimulation	5	204012
1020.1	0	photic_stimulation	5	204020
1020.14	0	photic_stimulation	5	204028
1020.18	0	photic_stimulation	5	204036
1020.22	0	photic_stimulation	5	204044
1020.26	0	photic_stimulation	5	204052
1020.3	0	photic_stimulation	5	204060
1020.34	0	photic_stimulation	5	204068
1020.38	0	photic_stimulation	5	204076
1020.42	0	photic_stimulation	5	204084
1020.46	0	photic_stimulation	5	204092
1020.5	0	photic_stimulation	5	204100
1020.54	0	photic_stimulation	5	204108
1020.58	0	photic_stimulation	5	204116
1020.62	0	photic_stimulation	5	204124
1020.66	0	photic_stimulation	5	204132
1020.7	0	photic_stimulation	5	204140
1020.74	0	photic_stimulation	5	204148
1020.78	0	photic_stimulation	5	204156
1020.82	0	photic_stimulation	5	204164
1020.86	0	photic_stimulation	5	204172
1020.9	0	photic_stimulation	5	204180
1020.94	0	photic_stimulation	5	204188
1020.98	0	photic_stimulation	5	204196
1021.02	0	photic_stimulation	5	204204
1021.06	0	photic_stimulation	5	204212
1021.1	0	photic_stimulation	5	204220
1021.14	0	photic_stimulation	5	204228
1021.18	0	photic_stimulation	5	204236
1021.22	0	photic_stimulation	5	204244
1021.26	0	photic_stimulation	5	204252
1021.3	0	photic_stimulation	5	204260
1021.34	0	photic_stimulation	5	204268
1021.38	0	photic_stimulation	5	204276
1021.42	0	photic_stimulation	5	204284
1021.46	0	photic_stimulation	5	204292
1021.5	0	photic_stimulation	5	204300
1021.54	0	photic_stimulation	5	204308
1021.58	0	photic_stimulation	5	204316
1021.62	0	photic_stimulation	5	204324
1021.66	0	photic_stimulation	5	204332
1021.7	0	photic_stimulation	5	204340
1021.74	0	photic_stimulation	5	204348
1021.78	0	photic_stimulation	5	204356
1021.82	0	photic_stimulation	5	204364
1021.86	0	photic_stimulation	5	204372
1021.9	0	photic_stimulation	5	204380
1021.94	0	photic_stimulation	5	204388
1021.98	0	photic_stimulation	5	204396
1022.02	0	photic_stimulation	5	204404
1022.06	0	photic_stimulation	5	204412
1022.1	0	photic_stimulation	5	204420
1022.14	0	photic_stimulation	5	204428
1022.18	0	photic_stimulation	5	204436
1022.22	0	photic_stimulation	5	204444
1022.26	0	photic_stimulation	5	204452
1022.3	0	photic_stimulation	5	204460
1022.34	0	photic_stimulation	5	204468
1022.38	0	photic_stimulation	5	204476
1022.42	0	photic_stimulation	5	204484
1022.46	0	photic_stimulation	5	204492
1022.5	0	photic_stimulation	5	204500
1022.54	0	photic_stimulation	5	204508
1022.58	0	photic_stimulation	5	204516
1022.62	0	photic_stimulation	5	204524
1022.66	0	photic_stimulation	5	204532
1022.7	0	photic_stimulation	5	204540
1022.74	0	photic_stimulation	5	204548
1022.78	0	photic_stimulation	5	204556
1022.82	0	photic_stimulation	5	204564
1022.86	0	photic_stimulation	5	204572
1022.9	0	photic_stimulation	5	204580
1022.94	0	photic_stimulation	5	204588
1022.98	0	photic_stimulation	5	204596
1023.02	0	photic_stimulation	5	204604
1023.06	0	photic_stimulation	5	204612
1023.1	0	photic_stimulation	5	204620
1023.14	0	photic_stimulation	5	204628
1023.18	0	photic_stimulation	5	204636
1023.22	0	photic_stimulation	5	204644
1023.26	0	photic_stimulation	5	204652
1023.3	0	photic_stimulation	5	204660
1023.34	0	photic_stimulation	5	204668
1023.38	0	photic_stimulation	5	204676
1023.42	0	photic_stimulation	5	204684
1023.46	0	photic_stimulation	5	204692
1023.5	0	photic_stimulation	5	204700
1023.54	0	photic_stimulation	5	204708
1023.58	0	photic_stimulation	5	204716
1023.62	0	photic_stimulation	5	204724
1023.66	0	photic_stimulation	5	204732
1023.7	0	photic_stimulation	5	204740
1023.74	0	photic_stimulation	5	204748
1023.78	0	photic_stimulation	5	204756
1023.82	0	photic_stimulation	5	204764
1023.86	0	photic_stimulation	5	204772
1023.9	0	photic_stimulation	5	204780
1023.94	0	photic_stimulation	5	204788
1023.98	0	photic_stimulation	5	204796
1024.02	0	photic_stimulation	5	204804
1024.06	0	photic_stimulation	5	204812
1024.1	0	photic_stimulation	5	204820
1024.14	0	photic_stimulation	5	204828
1024.18	0	photic_stimulation	5	204836
1024.22	0	photic_stimulation	5	204844
1024.26	0	photic_stimulation	5	204852
1024.3	0	photic_stimulation	5	204860
1024.34	0	photic_stimulation	5	204868
1024.38	0	photic_stimulation	5	204876
1024.42	0	photic_stimulation	5	204884
1024.46	0	photic_stimulation	5	204892
1024.5	0	photic_stimulation	5	204900
1024.54	0	photic_stimulation	5	204908
1024.58	0	photic_stimulation	5	204916
1024.62	0	photic_stimulation	5	204924
1024.66	0	photic_stimulation	5	204932
1024.7	0	photic_stimulation	5	204940
1024.74	0	photic_stimulation	5	204948
1024.78	0	photic_stimulation	5	204956
1029.815	0	photic_stimulation	5	205963
1029.855	0	photic_stimulation	5	205971
1029.89	0	photic_stimulation	5	205978
1029.93	0	photic_stimulation	5	205986
1029.965	0	photic_stimulation	5	205993
1030	0	photic_stimulation	5	206000
1030.04	0	photic_stimulation	5	206008
1030.075	0	photic_stimulation	5	206015
1030.115	0	photic_stimulation	5	206023
1030.15	0	photic_stimulation	5	206030
1030.185	0	photic_stimulation	5	206037
1030.225	0	photic_stimulation	5	206045
1030.26	0	photic_stimulation	5	206052
1030.3	0	photic_stimulation	5	206060
1030.335	0	photic_stimulation	5	206067
1030.37	0	photic_stimulation	5	206074
1030.41	0	photic_stimulation	5	206082
1030.445	0	photic_stimulation	5	206089
1030.48	0	photic_stimulation	5	206096
1030.52	0	photic_stimulation	5	206104
1030.555	0	photic_stimulation	5	206111
1030.595	0	photic_stimulation	5	206119
1030.63	0	photic_stimulation	5	206126
1030.665	0	photic_stimulation	5	206133
1030.705	0	photic_stimulation	5	206141
1030.74	0	photic_stimulation	5	206148
1030.78	0	photic_stimulation	5	206156
1030.815	0	photic_stimulation	5	206163
1030.85	0	photic_stimulation	5	206170
1030.89	0	photic_stimulation	5	206178
1030.925	0	photic_stimulation	5	206185
1030.965	0	photic_stimulation	5	206193
1031	0	photic_stimulation	5	206200
1031.035	0	photic_stimulation	5	206207
1031.075	0	photic_stimulation	5	206215
1031.11	0	photic_stimulation	5	206222
1031.145	0	photic_stimulation	5	206229
1031.185	0	photic_stimulation	5	206237
1031.22	0	photic_stimulation	5	206244
1031.26	0	photic_stimulation	5	206252
1031.295	0	photic_stimulation	5	206259
1031.33	0	photic_stimulation	5	206266
1031.37	0	photic_stimulation	5	206274
1031.405	0	photic_stimulation	5	206281
1031.445	0	photic_stimulation	5	206289
1031.48	0	photic_stimulation	5	206296
1031.515	0	photic_stimulation	5	206303
1031.555	0	photic_stimulation	5	206311
1031.59	0	photic_stimulation	5	206318
1031.63	0	photic_stimulation	5	206326
1031.665	0	photic_stimulation	5	206333
1031.7	0	photic_stimulation	5	206340
1031.74	0	photic_stimulation	5	206348
1031.775	0	photic_stimulation	5	206355
1031.81	0	photic_stimulation	5	206362
1031.85	0	photic_stimulation	5	206370
1031.885	0	photic_stimulation	5	206377
1031.925	0	photic_stimulation	5	206385
1031.96	0	photic_stimulation	5	206392
1031.995	0	photic_stimulation	5	206399
1032.035	0	photic_stimulation	5	206407
1032.07	0	photic_stimulation	5	206414
1032.11	0	photic_stimulation	5	206422
1032.145	0	photic_stimulation	5	206429
1032.18	0	photic_stimulation	5	206436
1032.22	0	photic_stimulation	5	206444
1032.255	0	photic_stimulation	5	206451
1032.295	0	photic_stimulation	5	206459
1032.33	0	photic_stimulation	5	206466
1032.365	0	photic_stimulation	5	206473
1032.405	0	photic_stimulation	5	206481
1032.44	0	photic_stimulation	5	206488
1032.475	0	photic_stimulation	5	206495
1032.515	0	photic_stimulation	5	206503
1032.55	0	photic_stimulation	5	206510
1032.59	0	photic_stimulation	5	206518
1032.625	0	photic_stimulation	5	206525
1032.66	0	photic_stimulation	5	206532
1032.7	0	photic_stimulation	5	206540
1032.735	0	photic_stimulation	5	206547
1032.775	0	photic_stimulation	5	206555
1032.81	0	photic_stimulation	5	206562
1032.845	0	photic_stimulation	5	206569
1032.885	0	photic_stimulation	5	206577
1032.92	0	photic_stimulation	5	206584
1032.96	0	photic_stimulation	5	206592
1032.995	0	photic_stimulation	5	206599
1033.03	0	photic_stimulation	5	206606
1033.07	0	photic_stimulation	5	206614
1033.105	0	photic_stimulation	5	206621
1033.14	0	photic_stimulation	5	206628
1033.18	0	photic_stimulation	5	206636
1033.215	0	photic_stimulation	5	206643
1033.255	0	photic_stimulation	5	206651
1033.29	0	photic_stimulation	5	206658
1033.325	0	photic_stimulation	5	206665
1033.365	0	photic_stimulation	5	206673
1033.4	0	photic_stimulation	5	206680
1033.44	0	photic_stimulation	5	206688
1033.475	0	photic_stimulation	5	206695
1033.51	0	photic_stimulation	5	206702
1033.55	0	photic_stimulation	5	206710
1033.585	0	photic_stimulation	5	206717
1033.625	0	photic_stimulation	5	206725
1033.66	0	photic_stimulation	5	206732
1033.695	0	photic_stimulation	5	206739
1033.735	0	photic_stimulation	5	206747
1033.77	0	photic_stimulation	5	206754
1033.805	0	photic_stimulation	5	206761
1033.845	0	photic_stimulation	5	206769
1033.88	0	photic_stimulation	5	206776
1033.92	0	photic_stimulation	5	206784
1033.955	0	photic_stimulation	5	206791
1033.99	0	photic_stimulation	5	206798
1034.03	0	photic_stimulation	5	206806
1034.065	0	photic_stimulation	5	206813
1034.105	0	photic_stimulation	5	206821
1034.14	0	photic_stimulation	5	206828
1034.175	0	photic_stimulation	5	206835
1034.215	0	photic_stimulation	5	206843
1034.25	0	photic_stimulation	5	206850
1034.29	0	photic_stimulation	5	206858
1034.325	0	photic_stimulation	5	206865
1034.36	0	photic_stimulation	5	206872
1034.4	0	photic_stimulation	5	206880
1034.435	0	photic_stimulation	5	206887
1034.47	0	photic_stimulation	5	206894
1034.51	0	photic_stimulation	5	206902
1034.545	0	photic_stimulation	5	206909
1034.585	0	photic_stimulation	5	206917
1034.62	0	photic_stimulation	5	206924
1034.655	0	photic_stimulation	5	206931
1034.695	0	photic_stimulation	5	206939
1034.73	0	photic_stimulation	5	206946
1034.77	0	photic_stimulation	5	206954
1034.805	0	photic_stimulation	5	206961
1034.84	0	photic_stimulation	5	206968
1034.88	0	photic_stimulation	5	206976
1034.915	0	photic_stimulation	5	206983
1034.955	0	photic_stimulation	5	206991
1034.99	0	photic_stimulation	5	206998
1035.025	0	photic_stimulation	5	207005
1035.065	0	photic_stimulation	5	207013
1035.1	0	photic_stimulation	5	207020
1035.135	0	photic_stimulation	5	207027
1035.175	0	photic_stimulation	5	207035
1035.21	0	photic_stimulation	5	207042
1035.25	0	photic_stimulation	5	207050
1035.285	0	photic_stimulation	5	207057
1035.32	0	photic_stimulation	5	207064
1035.36	0	photic_stimulation	5	207072
1035.395	0	photic_stimulation	5	207079
1035.435	0	photic_stimulation	5	207087
1035.47	0	photic_stimulation	5	207094
1035.505	0	photic_stimulation	5	207101
1035.545	0	photic_stimulation	5	207109
1035.58	0	photic_stimulation	5	207116
1035.62	0	photic_stimulation	5	207124
1035.655	0	photic_stimulation	5	207131
1035.69	0	photic_stimulation	5	207138
1035.73	0	photic_stimulation	5	207146
1035.765	0	photic_stimulation	5	207153
1035.8	0	photic_stimulation	5	207160
1035.84	0	photic_stimulation	5	207168
1035.875	0	photic_stimulation	5	207175
1035.915	0	photic_stimulation	5	207183
1035.95	0	photic_stimulation	5	207190
1035.985	0	photic_stimulation	5	207197
1036.025	0	photic_stimulation	5	207205
1036.06	0	photic_stimulation	5	207212
1036.1	0	photic_stimulation	5	207220
1036.135	0	photic_stimulation	5	207227
1036.17	0	photic_stimulation	5	207234
1036.21	0	photic_stimulation	5	207242
1036.245	0	photic_stimulation	5	207249
1036.285	0	photic_stimulation	5	207257
1036.32	0	photic_stimulation	5	207264
1036.355	0	photic_stimulation	5	207271
1036.395	0	photic_stimulation	5	207279
1036.43	0	photic_stimulation	5	207286
1036.465	0	photic_stimulation	5	207293
1036.505	0	photic_stimulation	5	207301
1036.54	0	photic_stimulation	5	207308
1036.58	0	photic_stimulation	5	207316
1036.615	0	photic_stimulation	5	207323
1036.65	0	photic_stimulation	5	207330
1036.69	0	photic_stimulation	5	207338
1036.725	0	photic_stimulation	5	207345
1036.765	0	photic_stimulation	5	207353
1036.8	0	photic_stimulation	5	207360
1036.835	0	photic_stimulation	5	207367
1036.875	0	photic_stimulation	5	207375
1036.91	0	photic_stimulation	5	207382
1036.95	0	photic_stimulation	5	207390
1036.985	0	photic_stimulation	5	207397
1037.02	0	photic_stimulation	5	207404
1037.06	0	photic_stimulation	5	207412
1037.095	0	photic_stimulation	5	207419
1037.13	0	photic_stimulation	5	207426
1037.17	0	photic_stimulation	5	207434
1037.205	0	photic_stimulation	5	207441
1037.245	0	photic_stimulation	5	207449
1037.28	0	photic_stimulation	5	207456
1037.315	0	photic_stimulation	5	207463
1037.355	0	photic_stimulation	5	207471
1037.39	0	photic_stimulation	5	207478
1037.43	0	photic_stimulation	5	207486
1037.465	0	photic_stimulation	5	207493
1037.5	0	photic_stimulation	5	207500
1037.54	0	photic_stimulation	5	207508
1037.575	0	photic_stimulation	5	207515
1037.615	0	photic_stimulation	5	207523
1037.65	0	photic_stimulation	5	207530
1037.685	0	photic_stimulation	5	207537
1037.725	0	photic_stimulation	5	207545
1037.76	0	photic_stimulation	5	207552
1037.795	0	photic_stimulation	5	207559
1037.835	0	photic_stimulation	5	207567
1037.87	0	photic_stimulation	5	207574
1037.91	0	photic_stimulation	5	207582
1037.945	0	photic_stimulation	5	207589
1037.98	0	photic_stimulation	5	207596
1038.02	0	photic_stimulation	5	207604
1038.055	0	photic_stimulation	5	207611
1038.095	0	photic_stimulation	5	207619
1038.13	0	photic_stimulation	5	207626
1038.165	0	photic_stimulation	5	207633
1038.205	0	photic_stimulation	5	207641
1038.24	0	photic_stimulation	5	207648
1038.28	0	photic_stimulation	5	207656
1038.315	0	photic_stimulation	5	207663
1038.35	0	photic_stimulation	5	207670
1038.39	0	photic_stimulation	5	207678
1038.425	0	photic_stimulation	5	207685
1038.46	0	photic_stimulation	5	207692
1038.5	0	photic_stimulation	5	207700
1038.535	0	photic_stimulation	5	207707
1038.575	0	photic_stimulation	5	207715
1038.61	0	photic_stimulation	5	207722
1038.645	0	photic_stimulation	5	207729
1038.685	0	photic_stimulation	5	207737
1038.72	0	photic_stimulation	5	207744
1038.76	0	photic_stimulation	5	207752
1038.795	0	photic_stimulation	5	207759
1038.83	0	photic_stimulation	5	207766
1038.87	0	photic_stimulation	5	207774
1038.905	0	photic_stimulation	5	207781
1038.945	0	photic_stimulation	5	207789
1038.98	0	photic_stimulation	5	207796
1039.015	0	photic_stimulation	5	207803
1039.055	0	photic_stimulation	5	207811
1039.09	0	photic_stimulation	5	207818
1039.125	0	photic_stimulation	5	207825
1039.165	0	photic_stimulation	5	207833
1039.2	0	photic_stimulation	5	207840
1039.24	0	photic_stimulation	5	207848
1039.275	0	photic_stimulation	5	207855
1039.31	0	photic_stimulation	5	207862
1039.35	0	photic_stimulation	5	207870
1039.385	0	photic_stimulation	5	207877
1039.425	0	photic_stimulation	5	207885
1039.46	0	photic_stimulation	5	207892
1039.495	0	photic_stimulation	5	207899
1039.535	0	photic_stimulation	5	207907
1039.57	0	photic_stimulation	5	207914
1039.61	0	photic_stimulation	5	207922
1039.645	0	photic_stimulation	5	207929
1039.68	0	photic_stimulation	5	207936
1039.72	0	photic_stimulation	5	207944
1039.755	0	photic_stimulation	5	207951
1039.78	0	photic_stimulation	5	207956
1044.815	0	photic_stimulation	5	208963
1044.85	0	photic_stimulation	5	208970
1044.885	0	photic_stimulation	5	208977
1044.92	0	photic_stimulation	5	208984
1044.955	0	photic_stimulation	5	208991
1044.985	0	photic_stimulation	5	208997
1045.02	0	photic_stimulation	5	209004
1045.055	0	photic_stimulation	5	209011
1045.09	0	photic_stimulation	5	209018
1045.125	0	photic_stimulation	5	209025
1045.16	0	photic_stimulation	5	209032
1045.195	0	photic_stimulation	5	209039
1045.23	0	photic_stimulation	5	209046
1045.265	0	photic_stimulation	5	209053
1045.295	0	photic_stimulation	5	209059
1045.33	0	photic_stimulation	5	209066
1045.365	0	photic_stimulation	5	209073
1045.4	0	photic_stimulation	5	209080
1045.435	0	photic_stimulation	5	209087
1045.47	0	photic_stimulation	5	209094
1045.505	0	photic_stimulation	5	209101
1045.54	0	photic_stimulation	5	209108
1045.575	0	photic_stimulation	5	209115
1045.605	0	photic_stimulation	5	209121
1045.64	0	photic_stimulation	5	209128
1045.675	0	photic_stimulation	5	209135
1045.71	0	photic_stimulation	5	209142
1045.745	0	photic_stimulation	5	209149
1045.78	0	photic_stimulation	5	209156
1045.815	0	photic_stimulation	5	209163
1045.85	0	photic_stimulation	5	209170
1045.885	0	photic_stimulation	5	209177
1045.915	0	photic_stimulation	5	209183
1045.95	0	photic_stimulation	5	209190
1045.985	0	photic_stimulation	5	209197
1046.02	0	photic_stimulation	5	209204
1046.055	0	photic_stimulation	5	209211
1046.09	0	photic_stimulation	5	209218
1046.125	0	photic_stimulation	5	209225
1046.16	0	photic_stimulation	5	209232
1046.195	0	photic_stimulation	5	209239
1046.225	0	photic_stimulation	5	209245
1046.26	0	photic_stimulation	5	209252
1046.295	0	photic_stimulation	5	209259
1046.33	0	photic_stimulation	5	209266
1046.365	0	photic_stimulation	5	209273
1046.4	0	photic_stimulation	5	209280
1046.435	0	photic_stimulation	5	209287
1046.47	0	photic_stimulation	5	209294
1046.505	0	photic_stimulation	5	209301
1046.535	0	photic_stimulation	5	209307
1046.57	0	photic_stimulation	5	209314
1046.605	0	photic_stimulation	5	209321
1046.64	0	photic_stimulation	5	209328
1046.675	0	photic_stimulation	5	209335
1046.71	0	photic_stimulation	5	209342
1046.745	0	photic_stimulation	5	209349
1046.78	0	photic_stimulation	5	209356
1046.815	0	photic_stimulation	5	209363
1046.845	0	photic_stimulation	5	209369
1046.88	0	photic_stimulation	5	209376
1046.915	0	photic_stimulation	5	209383
1046.95	0	photic_stimulation	5	209390
1046.985	0	photic_stimulation	5	209397
1047.02	0	photic_stimulation	5	209404
1047.055	0	photic_stimulation	5	209411
1047.09	0	photic_stimulation	5	209418
1047.125	0	photic_stimulation	5	209425
1047.155	0	photic_stimulation	5	209431
1047.19	0	photic_stimulation	5	209438
1047.225	0	photic_stimulation	5	209445
1047.26	0	photic_stimulation	5	209452
1047.295	0	photic_stimulation	5	209459
1047.33	0	photic_stimulation	5	209466
1047.365	0	photic_stimulation	5	209473
1047.4	0	photic_stimulation	5	209480
1047.435	0	photic_stimulation	5	209487
1047.465	0	photic_stimulation	5	209493
1047.5	0	photic_stimulation	5	209500
1047.535	0	photic_stimulation	5	209507
1047.57	0	photic_stimulation	5	209514
1047.605	0	photic_stimulation	5	209521
1047.64	0	photic_stimulation	5	209528
1047.675	0	photic_stimulation	5	209535
1047.71	0	photic_stimulation	5	209542
1047.745	0	photic_stimulation	5	209549
1047.775	0	photic_stimulation	5	209555
1047.81	0	photic_stimulation	5	209562
1047.845	0	photic_stimulation	5	209569
1047.88	0	photic_stimulation	5	209576
1047.915	0	photic_stimulation	5	209583
1047.95	0	photic_stimulation	5	209590
1047.985	0	photic_stimulation	5	209597
1048.02	0	photic_stimulation	5	209604
1048.055	0	photic_stimulation	5	209611
1048.085	0	photic_stimulation	5	209617
1048.12	0	photic_stimulation	5	209624
1048.155	0	photic_stimulation	5	209631
1048.19	0	photic_stimulation	5	209638
1048.225	0	photic_stimulation	5	209645
1048.26	0	photic_stimulation	5	209652
1048.295	0	photic_stimulation	5	209659
1048.33	0	photic_stimulation	5	209666
1048.365	0	photic_stimulation	5	209673
1048.395	0	photic_stimulation	5	209679
1048.43	0	photic_stimulation	5	209686
1048.465	0	photic_stimulation	5	209693
1048.5	0	photic_stimulation	5	209700
1048.535	0	photic_stimulation	5	209707
1048.57	0	photic_stimulation	5	209714
1048.605	0	photic_stimulation	5	209721
1048.64	0	photic_stimulation	5	209728
1048.675	0	photic_stimulation	5	209735
1048.705	0	photic_stimulation	5	209741
1048.74	0	photic_stimulation	5	209748
1048.775	0	photic_stimulation	5	209755
1048.81	0	photic_stimulation	5	209762
1048.845	0	photic_stimulation	5	209769
1048.88	0	photic_stimulation	5	209776
1048.915	0	photic_stimulation	5	209783
1048.95	0	photic_stimulation	5	209790
1048.985	0	photic_stimulation	5	209797
1049.015	0	photic_stimulation	5	209803
1049.05	0	photic_stimulation	5	209810
1049.085	0	photic_stimulation	5	209817
1049.12	0	photic_stimulation	5	209824
1049.155	0	photic_stimulation	5	209831
1049.19	0	photic_stimulation	5	209838
1049.225	0	photic_stimulation	5	209845
1049.26	0	photic_stimulation	5	209852
1049.295	0	photic_stimulation	5	209859
1049.325	0	photic_stimulation	5	209865
1049.36	0	photic_stimulation	5	209872
1049.395	0	photic_stimulation	5	209879
1049.43	0	photic_stimulation	5	209886
1049.465	0	photic_stimulation	5	209893
1049.5	0	photic_stimulation	5	209900
1049.535	0	photic_stimulation	5	209907
1049.57	0	photic_stimulation	5	209914
1049.605	0	photic_stimulation	5	209921
1049.635	0	photic_stimulation	5	209927
1049.67	0	photic_stimulation	5	209934
1049.705	0	photic_stimulation	5	209941
1049.74	0	photic_stimulation	5	209948
1049.775	0	photic_stimulation	5	209955
1049.81	0	photic_stimulation	5	209962
1049.845	0	photic_stimulation	5	209969
1049.88	0	photic_stimulation	5	209976
1049.915	0	photic_stimulation	5	209983
1049.945	0	photic_stimulation	5	209989
1049.98	0	photic_stimulation	5	209996
1050.015	0	photic_stimulation	5	210003
1050.05	0	photic_stimulation	5	210010
1050.085	0	photic_stimulation	5	210017
1050.12	0	photic_stimulation	5	210024
1050.155	0	photic_stimulation	5	210031
1050.19	0	photic_stimulation	5	210038
1050.225	0	photic_stimulation	5	210045
1050.255	0	photic_stimulation	5	210051
1050.29	0	photic_stimulation	5	210058
1050.325	0	photic_stimulation	5	210065
1050.36	0	photic_stimulation	5	210072
1050.395	0	photic_stimulation	5	210079
1050.43	0	photic_stimulation	5	210086
1050.465	0	photic_stimulation	5	210093
1050.5	0	photic_stimulation	5	210100
1050.535	0	photic_stimulation	5	210107
1050.565	0	photic_stimulation	5	210113
1050.6	0	photic_stimulation	5	210120
1050.635	0	photic_stimulation	5	210127
1050.67	0	photic_stimulation	5	210134
1050.705	0	photic_stimulation	5	210141
1050.74	0	photic_stimulation	5	210148
1050.775	0	photic_stimulation	5	210155
1050.81	0	photic_stimulation	5	210162
1050.845	0	photic_stimulation	5	210169
1050.875	0	photic_stimulation	5	210175
1050.91	0	photic_stimulation	5	210182
1050.945	0	photic_stimulation	5	210189
1050.98	0	photic_stimulation	5	210196
1051.015	0	photic_stimulation	5	210203
1051.05	0	photic_stimulation	5	210210
1051.085	0	photic_stimulation	5	210217
1051.12	0	photic_stimulation	5	210224
1051.155	0	photic_stimulation	5	210231
1051.185	0	photic_stimulation	5	210237
1051.22	0	photic_stimulation	5	210244
1051.255	0	photic_stimulation	5	210251
1051.29	0	photic_stimulation	5	210258
1051.325	0	photic_stimulation	5	210265
1051.36	0	photic_stimulation	5	210272
1051.395	0	photic_stimulation	5	210279
1051.43	0	photic_stimulation	5	210286
1051.465	0	photic_stimulation	5	210293
1051.495	0	photic_stimulation	5	210299
1051.53	0	photic_stimulation	5	210306
1051.565	0	photic_stimulation	5	210313
1051.6	0	photic_stimulation	5	210320
1051.635	0	photic_stimulation	5	210327
1051.67	0	photic_stimulation	5	210334
1051.705	0	photic_stimulation	5	210341
1051.74	0	photic_stimulation	5	210348
1051.775	0	photic_stimulation	5	210355
1051.805	0	photic_stimulation	5	210361
1051.84	0	photic_stimulation	5	210368
1051.875	0	photic_stimulation	5	210375
1051.91	0	photic_stimulation	5	210382
1051.945	0	photic_stimulation	5	210389
1051.98	0	photic_stimulation	5	210396
1052.015	0	photic_stimulation	5	210403
1052.05	0	photic_stimulation	5	210410
1052.085	0	photic_stimulation	5	210417
1052.115	0	photic_stimulation	5	210423
1052.15	0	photic_stimulation	5	210430
1052.185	0	photic_stimulation	5	210437
1052.22	0	photic_stimulation	5	210444
1052.255	0	photic_stimulation	5	210451
1052.29	0	photic_stimulation	5	210458
1052.325	0	photic_stimulation	5	210465
1052.36	0	photic_stimulation	5	210472
1052.395	0	photic_stimulation	5	210479
1052.425	0	photic_stimulation	5	210485
1052.46	0	photic_stimulation	5	210492
1052.495	0	photic_stimulation	5	210499
1052.53	0	photic_stimulation	5	210506
1052.565	0	photic_stimulation	5	210513
1052.6	0	photic_stimulation	5	210520
1052.635	0	photic_stimulation	5	210527
1052.67	0	photic_stimulation	5	210534
1052.705	0	photic_stimulation	5	210541
1052.735	0	photic_stimulation	5	210547
1052.77	0	photic_stimulation	5	210554
1052.805	0	photic_stimulation	5	210561
1052.84	0	photic_stimulation	5	210568
1052.875	0	photic_stimulation	5	210575
1052.91	0	photic_stimulation	5	210582
1052.945	0	photic_stimulation	5	210589
1052.98	0	photic_stimulation	5	210596
1053.015	0	photic_stimulation	5	210603
1053.045	0	photic_stimulation	5	210609
1053.08	0	photic_stimulation	5	210616
1053.115	0	photic_stimulation	5	210623
1053.15	0	photic_stimulation	5	210630
1053.185	0	photic_stimulation	5	210637
1053.22	0	photic_stimulation	5	210644
1053.255	0	photic_stimulation	5	210651
1053.29	0	photic_stimulation	5	210658
1053.325	0	photic_stimulation	5	210665
1053.355	0	photic_stimulation	5	210671
1053.39	0	photic_stimulation	5	210678
1053.425	0	photic_stimulation	5	210685
1053.46	0	photic_stimulation	5	210692
1053.495	0	photic_stimulation	5	210699
1053.53	0	photic_stimulation	5	210706
1053.565	0	photic_stimulation	5	210713
1053.6	0	photic_stimulation	5	210720
1053.635	0	photic_stimulation	5	210727
1053.665	0	photic_stimulation	5	210733
1053.7	0	photic_stimulation	5	210740
1053.735	0	photic_stimulation	5	210747
1053.77	0	photic_stimulation	5	210754
1053.805	0	photic_stimulation	5	210761
1053.84	0	photic_stimulation	5	210768
1053.875	0	photic_stimulation	5	210775
1053.91	0	photic_stimulation	5	210782
1053.945	0	photic_stimulation	5	210789
1053.975	0	photic_stimulation	5	210795
1054.01	0	photic_stimulation	5	210802
1054.045	0	photic_stimulation	5	210809
1054.08	0	photic_stimulation	5	210816
1054.115	0	photic_stimulation	5	210823
1054.15	0	photic_stimulation	5	210830
1054.185	0	photic_stimulation	5	210837
1054.22	0	photic_stimulation	5	210844
1054.255	0	photic_stimulation	5	210851
1054.285	0	photic_stimulation	5	210857
1054.32	0	photic_stimulation	5	210864
1054.355	0	photic_stimulation	5	210871
1054.39	0	photic_stimulation	5	210878
1054.425	0	photic_stimulation	5	210885
1054.46	0	photic_stimulation	5	210892
1054.495	0	photic_stimulation	5	210899
1054.53	0	photic_stimulation	5	210906
1054.565	0	photic_stimulation	5	210913
1054.595	0	photic_stimulation	5	210919
1054.63	0	photic_stimulation	5	210926
1054.665	0	photic_stimulation	5	210933
1054.7	0	photic_stimulation	5	210940
1054.735	0	photic_stimulation	5	210947
1054.77	0	photic_stimulation	5	210954
1054.78	0	photic_stimulation	5	210956
1109.495	0	recovery	70	221899
